mean_fit_time,std_fit_time,mean_score_time,std_score_time,param_lr__C,param_lr__fit_intercept,param_lr__max_iter,param_lr__penalty,param_lr__solver,params,split0_test_score,split1_test_score,split2_test_score,split3_test_score,split4_test_score,mean_test_score,std_test_score,rank_test_score
1.4297394752502441,0.03944751204332161,0.16264090538024903,0.006401750951055594,0.1,True,250,,lbfgs,"{'lr__C': 0.1, 'lr__fit_intercept': True, 'lr__max_iter': 250, 'lr__penalty': None, 'lr__solver': 'lbfgs'}",0.8443192242170096,0.8406499803433364,0.8506093565718779,0.8515072083879424,0.8428571428571429,0.8459885824754618,0.004310455405531667,91
0.7423346042633057,0.05635681137347374,0.0,0.0,0.1,True,250,,liblinear,"{'lr__C': 0.1, 'lr__fit_intercept': True, 'lr__max_iter': 250, 'lr__penalty': None, 'lr__solver': 'liblinear'}",,,,,,,,145
4.363616609573365,0.5509278536069592,0.22984094619750978,0.02032441610491534,0.1,True,250,,newton-cg,"{'lr__C': 0.1, 'lr__fit_intercept': True, 'lr__max_iter': 250, 'lr__penalty': None, 'lr__solver': 'newton-cg'}",0.8257109160005242,0.8285938933298388,0.8229589830952693,0.8393184796854521,0.8285714285714286,0.8290307401365027,0.005552060034526198,133
0.9098085880279541,0.06390751367793364,0.0,0.0,0.1,True,250,l1,lbfgs,"{'lr__C': 0.1, 'lr__fit_intercept': True, 'lr__max_iter': 250, 'lr__penalty': 'l1', 'lr__solver': 'lbfgs'}",,,,,,,,145
1.3527786254882812,0.08744217512147248,0.2512792110443115,0.031411359912197324,0.1,True,250,l1,liblinear,"{'lr__C': 0.1, 'lr__fit_intercept': True, 'lr__max_iter': 250, 'lr__penalty': 'l1', 'lr__solver': 'liblinear'}",0.8499541344515791,0.847333245970384,0.8516577119643559,0.8570117955439056,0.8538663171690695,0.8519646410198588,0.003306850561382863,52
1.0049042224884033,0.021801754805151778,0.0,0.0,0.1,True,250,l1,newton-cg,"{'lr__C': 0.1, 'lr__fit_intercept': True, 'lr__max_iter': 250, 'lr__penalty': 'l1', 'lr__solver': 'newton-cg'}",,,,,,,,145
1.2348623752593995,0.051907139869787636,0.23331403732299805,0.012802737076098027,0.1,True,250,l2,lbfgs,"{'lr__C': 0.1, 'lr__fit_intercept': True, 'lr__max_iter': 250, 'lr__penalty': 'l2', 'lr__solver': 'lbfgs'}",0.8448434019132486,0.8444502686410693,0.8432708688245315,0.8474442988204456,0.8469200524246396,0.8453857781247869,0.0015642056373072362,109
1.208103609085083,0.032016161681415356,0.2147806167602539,0.016959925669101015,0.1,True,250,l2,liblinear,"{'lr__C': 0.1, 'lr__fit_intercept': True, 'lr__max_iter': 250, 'lr__penalty': 'l2', 'lr__solver': 'liblinear'}",0.8451054907613681,0.8443192242170096,0.8432708688245315,0.8475753604193971,0.8471821756225426,0.8454906239689697,0.0016525913549450381,103
1.217320203781128,0.05068596558661139,0.22306113243103026,0.018191781430685606,0.1,True,250,l2,newton-cg,"{'lr__C': 0.1, 'lr__fit_intercept': True, 'lr__max_iter': 250, 'lr__penalty': 'l2', 'lr__solver': 'newton-cg'}",0.8449744463373083,0.8443192242170096,0.8432708688245315,0.8475753604193971,0.8470511140235911,0.8454382027643674,0.0016329999995366089,106
0.9685036182403565,0.0368377026344887,0.0,0.0,0.1,True,250,elasticnet,lbfgs,"{'lr__C': 0.1, 'lr__fit_intercept': True, 'lr__max_iter': 250, 'lr__penalty': 'elasticnet', 'lr__solver': 'lbfgs'}",,,,,,,,145
0.9711187839508056,0.0087277424724042,0.0,0.0,0.1,True,250,elasticnet,liblinear,"{'lr__C': 0.1, 'lr__fit_intercept': True, 'lr__max_iter': 250, 'lr__penalty': 'elasticnet', 'lr__solver': 'liblinear'}",,,,,,,,145
1.0718840599060058,0.07404987406152296,0.0,0.0,0.1,True,250,elasticnet,newton-cg,"{'lr__C': 0.1, 'lr__fit_intercept': True, 'lr__max_iter': 250, 'lr__penalty': 'elasticnet', 'lr__solver': 'newton-cg'}",,,,,,,,145
2.094263696670532,0.052313367865883434,0.23252415657043457,0.009795122629904684,0.1,True,500,,lbfgs,"{'lr__C': 0.1, 'lr__fit_intercept': True, 'lr__max_iter': 500, 'lr__penalty': None, 'lr__solver': 'lbfgs'}",0.8443192242170096,0.8406499803433364,0.8506093565718779,0.8515072083879424,0.8428571428571429,0.8459885824754618,0.004310455405531667,91
1.0446255683898926,0.020620167752705122,0.0,0.0,0.1,True,500,,liblinear,"{'lr__C': 0.1, 'lr__fit_intercept': True, 'lr__max_iter': 500, 'lr__penalty': None, 'lr__solver': 'liblinear'}",,,,,,,,145
5.261555099487305,0.42469643985467714,0.2509711265563965,0.04299368643477395,0.1,True,500,,newton-cg,"{'lr__C': 0.1, 'lr__fit_intercept': True, 'lr__max_iter': 500, 'lr__penalty': None, 'lr__solver': 'newton-cg'}",0.8257109160005242,0.8285938933298388,0.8229589830952693,0.8393184796854521,0.8285714285714286,0.8290307401365027,0.005552060034526198,133
1.326878309249878,0.09301692620754648,0.0,0.0,0.1,True,500,l1,lbfgs,"{'lr__C': 0.1, 'lr__fit_intercept': True, 'lr__max_iter': 500, 'lr__penalty': 'l1', 'lr__solver': 'lbfgs'}",,,,,,,,145
1.4018404960632325,0.13032331182238127,0.24069685935974122,0.021192918524846595,0.1,True,500,l1,liblinear,"{'lr__C': 0.1, 'lr__fit_intercept': True, 'lr__max_iter': 500, 'lr__penalty': 'l1', 'lr__solver': 'liblinear'}",0.8499541344515791,0.847333245970384,0.8516577119643559,0.8570117955439056,0.8538663171690695,0.8519646410198588,0.003306850561382863,52
1.0200893878936768,0.041273001174324656,0.0,0.0,0.1,True,500,l1,newton-cg,"{'lr__C': 0.1, 'lr__fit_intercept': True, 'lr__max_iter': 500, 'lr__penalty': 'l1', 'lr__solver': 'newton-cg'}",,,,,,,,145
1.3970308780670166,0.08065471920155862,0.2388993740081787,0.01462602000021383,0.1,True,500,l2,lbfgs,"{'lr__C': 0.1, 'lr__fit_intercept': True, 'lr__max_iter': 500, 'lr__penalty': 'l2', 'lr__solver': 'lbfgs'}",0.8448434019132486,0.8444502686410693,0.8432708688245315,0.8474442988204456,0.8469200524246396,0.8453857781247869,0.0015642056373072362,109
1.26837477684021,0.08549916154809695,0.23250908851623536,0.01467649504684938,0.1,True,500,l2,liblinear,"{'lr__C': 0.1, 'lr__fit_intercept': True, 'lr__max_iter': 500, 'lr__penalty': 'l2', 'lr__solver': 'liblinear'}",0.8451054907613681,0.8443192242170096,0.8432708688245315,0.8475753604193971,0.8471821756225426,0.8454906239689697,0.0016525913549450381,103
1.2445010662078857,0.02873864251563013,0.22681841850280762,0.015366748741584486,0.1,True,500,l2,newton-cg,"{'lr__C': 0.1, 'lr__fit_intercept': True, 'lr__max_iter': 500, 'lr__penalty': 'l2', 'lr__solver': 'newton-cg'}",0.8449744463373083,0.8443192242170096,0.8432708688245315,0.8475753604193971,0.8470511140235911,0.8454382027643674,0.0016329999995366089,106
1.0220975875854492,0.029288660793680824,0.0,0.0,0.1,True,500,elasticnet,lbfgs,"{'lr__C': 0.1, 'lr__fit_intercept': True, 'lr__max_iter': 500, 'lr__penalty': 'elasticnet', 'lr__solver': 'lbfgs'}",,,,,,,,145
1.0756478786468506,0.030733282147870394,0.0,0.0,0.1,True,500,elasticnet,liblinear,"{'lr__C': 0.1, 'lr__fit_intercept': True, 'lr__max_iter': 500, 'lr__penalty': 'elasticnet', 'lr__solver': 'liblinear'}",,,,,,,,145
1.0496147632598878,0.05418693065607035,0.0,0.0,0.1,True,500,elasticnet,newton-cg,"{'lr__C': 0.1, 'lr__fit_intercept': True, 'lr__max_iter': 500, 'lr__penalty': 'elasticnet', 'lr__solver': 'newton-cg'}",,,,,,,,145
2.0678409576416015,0.03883183293130397,0.2270120143890381,0.012106817242225936,0.1,True,1000,,lbfgs,"{'lr__C': 0.1, 'lr__fit_intercept': True, 'lr__max_iter': 1000, 'lr__penalty': None, 'lr__solver': 'lbfgs'}",0.8443192242170096,0.8406499803433364,0.8506093565718779,0.8515072083879424,0.8428571428571429,0.8459885824754618,0.004310455405531667,91
1.01916184425354,0.011487140107048382,0.0,0.0,0.1,True,1000,,liblinear,"{'lr__C': 0.1, 'lr__fit_intercept': True, 'lr__max_iter': 1000, 'lr__penalty': None, 'lr__solver': 'liblinear'}",,,,,,,,145
4.9799051761627195,0.45605860974402845,0.25931315422058104,0.0074588507085681655,0.1,True,1000,,newton-cg,"{'lr__C': 0.1, 'lr__fit_intercept': True, 'lr__max_iter': 1000, 'lr__penalty': None, 'lr__solver': 'newton-cg'}",0.8257109160005242,0.8285938933298388,0.8229589830952693,0.8393184796854521,0.8285714285714286,0.8290307401365027,0.005552060034526198,133
1.151853895187378,0.06201254603788468,0.0,0.0,0.1,True,1000,l1,lbfgs,"{'lr__C': 0.1, 'lr__fit_intercept': True, 'lr__max_iter': 1000, 'lr__penalty': 'l1', 'lr__solver': 'lbfgs'}",,,,,,,,145
1.4211175918579102,0.038287633115011425,0.24262685775756837,0.010223092783241915,0.1,True,1000,l1,liblinear,"{'lr__C': 0.1, 'lr__fit_intercept': True, 'lr__max_iter': 1000, 'lr__penalty': 'l1', 'lr__solver': 'liblinear'}",0.8499541344515791,0.847333245970384,0.8516577119643559,0.8570117955439056,0.8538663171690695,0.8519646410198588,0.003306850561382863,52
1.1612425804138184,0.018431048898525135,0.0,0.0,0.1,True,1000,l1,newton-cg,"{'lr__C': 0.1, 'lr__fit_intercept': True, 'lr__max_iter': 1000, 'lr__penalty': 'l1', 'lr__solver': 'newton-cg'}",,,,,,,,145
1.2534008979797364,0.08584916085841851,0.21341404914855958,0.01602920379240033,0.1,True,1000,l2,lbfgs,"{'lr__C': 0.1, 'lr__fit_intercept': True, 'lr__max_iter': 1000, 'lr__penalty': 'l2', 'lr__solver': 'lbfgs'}",0.8448434019132486,0.8444502686410693,0.8432708688245315,0.8474442988204456,0.8469200524246396,0.8453857781247869,0.0015642056373072362,109
1.1558041095733642,0.0675875912738231,0.24930548667907715,0.043178129139268454,0.1,True,1000,l2,liblinear,"{'lr__C': 0.1, 'lr__fit_intercept': True, 'lr__max_iter': 1000, 'lr__penalty': 'l2', 'lr__solver': 'liblinear'}",0.8451054907613681,0.8443192242170096,0.8432708688245315,0.8475753604193971,0.8471821756225426,0.8454906239689697,0.0016525913549450381,103
1.51585111618042,0.06065833613460009,0.27393527030944825,0.03943797115686381,0.1,True,1000,l2,newton-cg,"{'lr__C': 0.1, 'lr__fit_intercept': True, 'lr__max_iter': 1000, 'lr__penalty': 'l2', 'lr__solver': 'newton-cg'}",0.8449744463373083,0.8443192242170096,0.8432708688245315,0.8475753604193971,0.8470511140235911,0.8454382027643674,0.0016329999995366089,106
1.1692833423614502,0.10662571359774893,0.0,0.0,0.1,True,1000,elasticnet,lbfgs,"{'lr__C': 0.1, 'lr__fit_intercept': True, 'lr__max_iter': 1000, 'lr__penalty': 'elasticnet', 'lr__solver': 'lbfgs'}",,,,,,,,145
1.2391289710998534,0.07135691014408756,0.0,0.0,0.1,True,1000,elasticnet,liblinear,"{'lr__C': 0.1, 'lr__fit_intercept': True, 'lr__max_iter': 1000, 'lr__penalty': 'elasticnet', 'lr__solver': 'liblinear'}",,,,,,,,145
1.461557960510254,0.05324044633501856,0.0,0.0,0.1,True,1000,elasticnet,newton-cg,"{'lr__C': 0.1, 'lr__fit_intercept': True, 'lr__max_iter': 1000, 'lr__penalty': 'elasticnet', 'lr__solver': 'newton-cg'}",,,,,,,,145
1.5667049407958984,0.07675068929845826,0.24457306861877443,0.012250077850340959,0.1,False,250,,lbfgs,"{'lr__C': 0.1, 'lr__fit_intercept': False, 'lr__max_iter': 250, 'lr__penalty': None, 'lr__solver': 'lbfgs'}",0.8468090682741449,0.8396016249508583,0.8482505569388022,0.8520314547837483,0.8442988204456094,0.8461983050786326,0.004140884819458682,79
1.1548717498779297,0.11448993050627494,0.0,0.0,0.1,False,250,,liblinear,"{'lr__C': 0.1, 'lr__fit_intercept': False, 'lr__max_iter': 250, 'lr__penalty': None, 'lr__solver': 'liblinear'}",,,,,,,,145
1.3464939594268799,0.04556780351756762,0.20510454177856446,0.01429925272630623,0.1,False,250,,newton-cg,"{'lr__C': 0.1, 'lr__fit_intercept': False, 'lr__max_iter': 250, 'lr__penalty': None, 'lr__solver': 'newton-cg'}",0.8422225134320535,0.8382911807102608,0.8397326693749181,0.8513761467889909,0.8411533420707733,0.8425551704753993,0.004605073894930923,115
0.9693046569824219,0.04341689182582638,0.0,0.0,0.1,False,250,l1,lbfgs,"{'lr__C': 0.1, 'lr__fit_intercept': False, 'lr__max_iter': 250, 'lr__penalty': 'l1', 'lr__solver': 'lbfgs'}",,,,,,,,145
1.1589519500732421,0.03846688222492589,0.24267640113830566,0.008243847711087639,0.1,False,250,l1,liblinear,"{'lr__C': 0.1, 'lr__fit_intercept': False, 'lr__max_iter': 250, 'lr__penalty': 'l1', 'lr__solver': 'liblinear'}",0.8393395361027388,0.838160136286201,0.8439260909448303,0.8509829619921363,0.8425950196592399,0.8430007489970294,0.004507163400381875,112
1.1336662292480468,0.06929046330404323,0.0,0.0,0.1,False,250,l1,newton-cg,"{'lr__C': 0.1, 'lr__fit_intercept': False, 'lr__max_iter': 250, 'lr__penalty': 'l1', 'lr__solver': 'newton-cg'}",,,,,,,,145
1.1782837390899659,0.015817835322740732,0.2140437126159668,0.020840942933670267,0.1,False,250,l2,lbfgs,"{'lr__C': 0.1, 'lr__fit_intercept': False, 'lr__max_iter': 250, 'lr__penalty': 'l2', 'lr__solver': 'lbfgs'}",0.8528371117808937,0.848381601362862,0.8512645786921766,0.855570117955439,0.8546526867627785,0.85254121931083,0.002555476742059916,43
1.1233599185943604,0.04914487712689153,0.21271681785583496,0.0073764989906248135,0.1,False,250,l2,liblinear,"{'lr__C': 0.1, 'lr__fit_intercept': False, 'lr__max_iter': 250, 'lr__penalty': 'l2', 'lr__solver': 'liblinear'}",0.8524439785087145,0.8487747346350413,0.8511335342681169,0.8551769331585846,0.85478374836173,0.8524625857864375,0.0023716006258056688,49
1.0617136001586913,0.029797958908544208,0.2088913917541504,0.013246898353514766,0.1,False,250,l2,newton-cg,"{'lr__C': 0.1, 'lr__fit_intercept': False, 'lr__max_iter': 250, 'lr__penalty': 'l2', 'lr__solver': 'newton-cg'}",0.852706067356834,0.8485126457869218,0.8512645786921766,0.8554390563564875,0.854521625163827,0.8524887946712493,0.0024573203273727117,46
0.9505934238433837,0.014563663413576044,0.0,0.0,0.1,False,250,elasticnet,lbfgs,"{'lr__C': 0.1, 'lr__fit_intercept': False, 'lr__max_iter': 250, 'lr__penalty': 'elasticnet', 'lr__solver': 'lbfgs'}",,,,,,,,145
0.9468387603759766,0.01017002623477094,0.0,0.0,0.1,False,250,elasticnet,liblinear,"{'lr__C': 0.1, 'lr__fit_intercept': False, 'lr__max_iter': 250, 'lr__penalty': 'elasticnet', 'lr__solver': 'liblinear'}",,,,,,,,145
0.9277891635894775,0.017254188971819854,0.0,0.0,0.1,False,250,elasticnet,newton-cg,"{'lr__C': 0.1, 'lr__fit_intercept': False, 'lr__max_iter': 250, 'lr__penalty': 'elasticnet', 'lr__solver': 'newton-cg'}",,,,,,,,145
1.2106734275817872,0.03900737782532048,0.20510172843933105,0.010941414980031126,0.1,False,500,,lbfgs,"{'lr__C': 0.1, 'lr__fit_intercept': False, 'lr__max_iter': 500, 'lr__penalty': None, 'lr__solver': 'lbfgs'}",0.8468090682741449,0.8396016249508583,0.8482505569388022,0.8520314547837483,0.8442988204456094,0.8461983050786326,0.004140884819458682,79
0.9588682174682617,0.032421882288860664,0.0,0.0,0.1,False,500,,liblinear,"{'lr__C': 0.1, 'lr__fit_intercept': False, 'lr__max_iter': 500, 'lr__penalty': None, 'lr__solver': 'liblinear'}",,,,,,,,145
1.3324108600616456,0.018116389971891873,0.2077345371246338,0.013323238512122842,0.1,False,500,,newton-cg,"{'lr__C': 0.1, 'lr__fit_intercept': False, 'lr__max_iter': 500, 'lr__penalty': None, 'lr__solver': 'newton-cg'}",0.8422225134320535,0.8382911807102608,0.8397326693749181,0.8513761467889909,0.8411533420707733,0.8425551704753993,0.004605073894930923,115
0.9698292255401612,0.03149603240365262,0.0,0.0,0.1,False,500,l1,lbfgs,"{'lr__C': 0.1, 'lr__fit_intercept': False, 'lr__max_iter': 500, 'lr__penalty': 'l1', 'lr__solver': 'lbfgs'}",,,,,,,,145
1.0804615497589112,0.028103937999193054,0.20605640411376952,0.009435139845312203,0.1,False,500,l1,liblinear,"{'lr__C': 0.1, 'lr__fit_intercept': False, 'lr__max_iter': 500, 'lr__penalty': 'l1', 'lr__solver': 'liblinear'}",0.8393395361027388,0.838160136286201,0.8439260909448303,0.8509829619921363,0.8425950196592399,0.8430007489970294,0.004507163400381875,112
0.9219617366790771,0.02741828448935718,0.0,0.0,0.1,False,500,l1,newton-cg,"{'lr__C': 0.1, 'lr__fit_intercept': False, 'lr__max_iter': 500, 'lr__penalty': 'l1', 'lr__solver': 'newton-cg'}",,,,,,,,145
1.0142441749572755,0.024061897059170154,0.20308051109313965,0.0034866198884061193,0.1,False,500,l2,lbfgs,"{'lr__C': 0.1, 'lr__fit_intercept': False, 'lr__max_iter': 500, 'lr__penalty': 'l2', 'lr__solver': 'lbfgs'}",0.8528371117808937,0.848381601362862,0.8512645786921766,0.855570117955439,0.8546526867627785,0.85254121931083,0.002555476742059916,43
1.123392391204834,0.04635515383266481,0.23073759078979492,0.01627818885348487,0.1,False,500,l2,liblinear,"{'lr__C': 0.1, 'lr__fit_intercept': False, 'lr__max_iter': 500, 'lr__penalty': 'l2', 'lr__solver': 'liblinear'}",0.8524439785087145,0.8487747346350413,0.8511335342681169,0.8551769331585846,0.85478374836173,0.8524625857864375,0.0023716006258056688,49
1.1488914489746094,0.01577163752679377,0.20987114906311036,0.007207033193132358,0.1,False,500,l2,newton-cg,"{'lr__C': 0.1, 'lr__fit_intercept': False, 'lr__max_iter': 500, 'lr__penalty': 'l2', 'lr__solver': 'newton-cg'}",0.852706067356834,0.8485126457869218,0.8512645786921766,0.8554390563564875,0.854521625163827,0.8524887946712493,0.0024573203273727117,46
1.0288851737976075,0.02469524985435833,0.0,0.0,0.1,False,500,elasticnet,lbfgs,"{'lr__C': 0.1, 'lr__fit_intercept': False, 'lr__max_iter': 500, 'lr__penalty': 'elasticnet', 'lr__solver': 'lbfgs'}",,,,,,,,145
1.0354032039642334,0.09603800517151082,0.0,0.0,0.1,False,500,elasticnet,liblinear,"{'lr__C': 0.1, 'lr__fit_intercept': False, 'lr__max_iter': 500, 'lr__penalty': 'elasticnet', 'lr__solver': 'liblinear'}",,,,,,,,145
1.0609153747558593,0.0073015578290893035,0.0,0.0,0.1,False,500,elasticnet,newton-cg,"{'lr__C': 0.1, 'lr__fit_intercept': False, 'lr__max_iter': 500, 'lr__penalty': 'elasticnet', 'lr__solver': 'newton-cg'}",,,,,,,,145
1.2922004222869874,0.019273397203412496,0.19810152053833008,0.007426836997433813,0.1,False,1000,,lbfgs,"{'lr__C': 0.1, 'lr__fit_intercept': False, 'lr__max_iter': 1000, 'lr__penalty': None, 'lr__solver': 'lbfgs'}",0.8468090682741449,0.8396016249508583,0.8482505569388022,0.8520314547837483,0.8442988204456094,0.8461983050786326,0.004140884819458682,79
0.9869529724121093,0.06905733260537107,0.0,0.0,0.1,False,1000,,liblinear,"{'lr__C': 0.1, 'lr__fit_intercept': False, 'lr__max_iter': 1000, 'lr__penalty': None, 'lr__solver': 'liblinear'}",,,,,,,,145
1.330480194091797,0.025082262810753698,0.19846663475036622,0.009472209219017999,0.1,False,1000,,newton-cg,"{'lr__C': 0.1, 'lr__fit_intercept': False, 'lr__max_iter': 1000, 'lr__penalty': None, 'lr__solver': 'newton-cg'}",0.8422225134320535,0.8382911807102608,0.8397326693749181,0.8513761467889909,0.8411533420707733,0.8425551704753993,0.004605073894930923,115
0.9337423801422119,0.04695992308323459,0.0,0.0,0.1,False,1000,l1,lbfgs,"{'lr__C': 0.1, 'lr__fit_intercept': False, 'lr__max_iter': 1000, 'lr__penalty': 'l1', 'lr__solver': 'lbfgs'}",,,,,,,,145
1.0364516258239747,0.017457658274727443,0.20677623748779297,0.013776284754027798,0.1,False,1000,l1,liblinear,"{'lr__C': 0.1, 'lr__fit_intercept': False, 'lr__max_iter': 1000, 'lr__penalty': 'l1', 'lr__solver': 'liblinear'}",0.8393395361027388,0.838160136286201,0.8439260909448303,0.8509829619921363,0.8425950196592399,0.8430007489970294,0.004507163400381875,112
0.8979120254516602,0.03175733873614633,0.0,0.0,0.1,False,1000,l1,newton-cg,"{'lr__C': 0.1, 'lr__fit_intercept': False, 'lr__max_iter': 1000, 'lr__penalty': 'l1', 'lr__solver': 'newton-cg'}",,,,,,,,145
0.9939364433288574,0.04010207204087377,0.20604357719421387,0.007791542211064278,0.1,False,1000,l2,lbfgs,"{'lr__C': 0.1, 'lr__fit_intercept': False, 'lr__max_iter': 1000, 'lr__penalty': 'l2', 'lr__solver': 'lbfgs'}",0.8528371117808937,0.848381601362862,0.8512645786921766,0.855570117955439,0.8546526867627785,0.85254121931083,0.002555476742059916,43
1.0664509773254394,0.024883295829601335,0.2017972469329834,0.0060223238603387885,0.1,False,1000,l2,liblinear,"{'lr__C': 0.1, 'lr__fit_intercept': False, 'lr__max_iter': 1000, 'lr__penalty': 'l2', 'lr__solver': 'liblinear'}",0.8524439785087145,0.8487747346350413,0.8511335342681169,0.8551769331585846,0.85478374836173,0.8524625857864375,0.0023716006258056688,49
1.1236400127410888,0.05335068947454793,0.22318096160888673,0.013520265338075176,0.1,False,1000,l2,newton-cg,"{'lr__C': 0.1, 'lr__fit_intercept': False, 'lr__max_iter': 1000, 'lr__penalty': 'l2', 'lr__solver': 'newton-cg'}",0.852706067356834,0.8485126457869218,0.8512645786921766,0.8554390563564875,0.854521625163827,0.8524887946712493,0.0024573203273727117,46
1.0600971221923827,0.051729359643936663,0.0,0.0,0.1,False,1000,elasticnet,lbfgs,"{'lr__C': 0.1, 'lr__fit_intercept': False, 'lr__max_iter': 1000, 'lr__penalty': 'elasticnet', 'lr__solver': 'lbfgs'}",,,,,,,,145
1.0149521827697754,0.024756228847195975,0.0,0.0,0.1,False,1000,elasticnet,liblinear,"{'lr__C': 0.1, 'lr__fit_intercept': False, 'lr__max_iter': 1000, 'lr__penalty': 'elasticnet', 'lr__solver': 'liblinear'}",,,,,,,,145
1.0289430141448974,0.017411869928219876,0.0,0.0,0.1,False,1000,elasticnet,newton-cg,"{'lr__C': 0.1, 'lr__fit_intercept': False, 'lr__max_iter': 1000, 'lr__penalty': 'elasticnet', 'lr__solver': 'newton-cg'}",,,,,,,,145
2.1803866386413575,0.05874642940082947,0.21925873756408693,0.019090117723499347,1.0,True,250,,lbfgs,"{'lr__C': 1, 'lr__fit_intercept': True, 'lr__max_iter': 250, 'lr__penalty': None, 'lr__solver': 'lbfgs'}",0.8443192242170096,0.8406499803433364,0.8506093565718779,0.8515072083879424,0.8428571428571429,0.8459885824754618,0.004310455405531667,91
1.0880401611328125,0.028814820813062324,0.0,0.0,1.0,True,250,,liblinear,"{'lr__C': 1, 'lr__fit_intercept': True, 'lr__max_iter': 250, 'lr__penalty': None, 'lr__solver': 'liblinear'}",,,,,,,,145
5.129653072357177,0.45053443190392367,0.23959970474243164,0.019383519214107962,1.0,True,250,,newton-cg,"{'lr__C': 1, 'lr__fit_intercept': True, 'lr__max_iter': 250, 'lr__penalty': None, 'lr__solver': 'newton-cg'}",0.8257109160005242,0.8285938933298388,0.8229589830952693,0.8393184796854521,0.8285714285714286,0.8290307401365027,0.005552060034526198,133
1.137118434906006,0.06763782443101396,0.0,0.0,1.0,True,250,l1,lbfgs,"{'lr__C': 1, 'lr__fit_intercept': True, 'lr__max_iter': 250, 'lr__penalty': 'l1', 'lr__solver': 'lbfgs'}",,,,,,,,145
1.5166194915771485,0.144162887825236,0.263962459564209,0.022678996654603992,1.0,True,250,l1,liblinear,"{'lr__C': 1, 'lr__fit_intercept': True, 'lr__max_iter': 250, 'lr__penalty': 'l1', 'lr__solver': 'liblinear'}",0.8685624426680645,0.8711833311492596,0.8738042196304547,0.8791612057667103,0.8703800786369593,0.8726182555702897,0.0036806187089037322,1
1.0801787853240967,0.018863159983174504,0.0,0.0,1.0,True,250,l1,newton-cg,"{'lr__C': 1, 'lr__fit_intercept': True, 'lr__max_iter': 250, 'lr__penalty': 'l1', 'lr__solver': 'newton-cg'}",,,,,,,,145
1.6639195919036864,0.04161769555614969,0.23263511657714844,0.018495996678086747,1.0,True,250,l2,lbfgs,"{'lr__C': 1, 'lr__fit_intercept': True, 'lr__max_iter': 250, 'lr__penalty': 'l2', 'lr__solver': 'lbfgs'}",0.8616170881928974,0.8650242432184511,0.8668588651552877,0.8710353866317169,0.8668414154652687,0.8662753997327244,0.0030523282920645535,16
1.3710631847381591,0.06352570410872946,0.23145604133605957,0.027852258642754025,1.0,True,250,l2,liblinear,"{'lr__C': 1, 'lr__fit_intercept': True, 'lr__max_iter': 250, 'lr__penalty': 'l2', 'lr__solver': 'liblinear'}",0.8617481326169572,0.8642379766740925,0.8668588651552877,0.8718217562254259,0.8669724770642202,0.8663278415471968,0.0033532643375484427,10
1.334417963027954,0.028608408816182956,0.22652192115783693,0.023933441770409923,1.0,True,250,l2,newton-cg,"{'lr__C': 1, 'lr__fit_intercept': True, 'lr__max_iter': 250, 'lr__penalty': 'l2', 'lr__solver': 'newton-cg'}",0.8618791770410169,0.8641069322500328,0.8668588651552877,0.8716906946264744,0.8671035386631717,0.8663278415471968,0.0032974820464340185,10
0.9708575248718262,0.05993181953552968,0.0,0.0,1.0,True,250,elasticnet,lbfgs,"{'lr__C': 1, 'lr__fit_intercept': True, 'lr__max_iter': 250, 'lr__penalty': 'elasticnet', 'lr__solver': 'lbfgs'}",,,,,,,,145
0.9827905654907226,0.01685668240921439,0.0,0.0,1.0,True,250,elasticnet,liblinear,"{'lr__C': 1, 'lr__fit_intercept': True, 'lr__max_iter': 250, 'lr__penalty': 'elasticnet', 'lr__solver': 'liblinear'}",,,,,,,,145
0.9948009014129638,0.03706844872460485,0.0,0.0,1.0,True,250,elasticnet,newton-cg,"{'lr__C': 1, 'lr__fit_intercept': True, 'lr__max_iter': 250, 'lr__penalty': 'elasticnet', 'lr__solver': 'newton-cg'}",,,,,,,,145
2.2204822063446046,0.06762236345222254,0.24969854354858398,0.007353847618951424,1.0,True,500,,lbfgs,"{'lr__C': 1, 'lr__fit_intercept': True, 'lr__max_iter': 500, 'lr__penalty': None, 'lr__solver': 'lbfgs'}",0.8443192242170096,0.8406499803433364,0.8506093565718779,0.8515072083879424,0.8428571428571429,0.8459885824754618,0.004310455405531667,91
1.1863739967346192,0.08365758182770568,0.0,0.0,1.0,True,500,,liblinear,"{'lr__C': 1, 'lr__fit_intercept': True, 'lr__max_iter': 500, 'lr__penalty': None, 'lr__solver': 'liblinear'}",,,,,,,,145
5.167484855651855,0.48709241449467505,0.24977498054504393,0.02340443345568679,1.0,True,500,,newton-cg,"{'lr__C': 1, 'lr__fit_intercept': True, 'lr__max_iter': 500, 'lr__penalty': None, 'lr__solver': 'newton-cg'}",0.8257109160005242,0.8285938933298388,0.8229589830952693,0.8393184796854521,0.8285714285714286,0.8290307401365027,0.005552060034526198,133
1.1693540573120118,0.05626779900978156,0.0,0.0,1.0,True,500,l1,lbfgs,"{'lr__C': 1, 'lr__fit_intercept': True, 'lr__max_iter': 500, 'lr__penalty': 'l1', 'lr__solver': 'lbfgs'}",,,,,,,,145
1.5029658317565917,0.11763145133939772,0.24667434692382811,0.02838312157499967,1.0,True,500,l1,liblinear,"{'lr__C': 1, 'lr__fit_intercept': True, 'lr__max_iter': 500, 'lr__penalty': 'l1', 'lr__solver': 'liblinear'}",0.8685624426680645,0.8711833311492596,0.8738042196304547,0.8791612057667103,0.8703800786369593,0.8726182555702897,0.0036806187089037322,1
1.0847105026245116,0.05429648193107893,0.0,0.0,1.0,True,500,l1,newton-cg,"{'lr__C': 1, 'lr__fit_intercept': True, 'lr__max_iter': 500, 'lr__penalty': 'l1', 'lr__solver': 'newton-cg'}",,,,,,,,145
1.7278721809387207,0.04574645541097861,0.24240288734436036,0.0139072391898689,1.0,True,500,l2,lbfgs,"{'lr__C': 1, 'lr__fit_intercept': True, 'lr__max_iter': 500, 'lr__penalty': 'l2', 'lr__solver': 'lbfgs'}",0.8616170881928974,0.8650242432184511,0.8668588651552877,0.8710353866317169,0.8668414154652687,0.8662753997327244,0.0030523282920645535,16
1.4299981594085693,0.11113664692073867,0.23917222023010254,0.020271664299395434,1.0,True,500,l2,liblinear,"{'lr__C': 1, 'lr__fit_intercept': True, 'lr__max_iter': 500, 'lr__penalty': 'l2', 'lr__solver': 'liblinear'}",0.8617481326169572,0.8642379766740925,0.8668588651552877,0.8718217562254259,0.8669724770642202,0.8663278415471968,0.0033532643375484427,10
1.3206358432769776,0.056916231789439053,0.21934337615966798,0.00694457694142855,1.0,True,500,l2,newton-cg,"{'lr__C': 1, 'lr__fit_intercept': True, 'lr__max_iter': 500, 'lr__penalty': 'l2', 'lr__solver': 'newton-cg'}",0.8618791770410169,0.8641069322500328,0.8668588651552877,0.8716906946264744,0.8671035386631717,0.8663278415471968,0.0032974820464340185,10
1.00742564201355,0.03762984553830622,0.0,0.0,1.0,True,500,elasticnet,lbfgs,"{'lr__C': 1, 'lr__fit_intercept': True, 'lr__max_iter': 500, 'lr__penalty': 'elasticnet', 'lr__solver': 'lbfgs'}",,,,,,,,145
0.9935776710510253,0.04561113252017863,0.0,0.0,1.0,True,500,elasticnet,liblinear,"{'lr__C': 1, 'lr__fit_intercept': True, 'lr__max_iter': 500, 'lr__penalty': 'elasticnet', 'lr__solver': 'liblinear'}",,,,,,,,145
0.9373711585998535,0.007446032685745578,0.0,0.0,1.0,True,500,elasticnet,newton-cg,"{'lr__C': 1, 'lr__fit_intercept': True, 'lr__max_iter': 500, 'lr__penalty': 'elasticnet', 'lr__solver': 'newton-cg'}",,,,,,,,145
2.019957113265991,0.033443069451888865,0.21185846328735353,0.006483674364600733,1.0,True,1000,,lbfgs,"{'lr__C': 1, 'lr__fit_intercept': True, 'lr__max_iter': 1000, 'lr__penalty': None, 'lr__solver': 'lbfgs'}",0.8443192242170096,0.8406499803433364,0.8506093565718779,0.8515072083879424,0.8428571428571429,0.8459885824754618,0.004310455405531667,91
0.9896291255950928,0.011127000925394818,0.0,0.0,1.0,True,1000,,liblinear,"{'lr__C': 1, 'lr__fit_intercept': True, 'lr__max_iter': 1000, 'lr__penalty': None, 'lr__solver': 'liblinear'}",,,,,,,,145
4.904160642623902,0.4597967897378319,0.23278183937072755,0.01485369244308201,1.0,True,1000,,newton-cg,"{'lr__C': 1, 'lr__fit_intercept': True, 'lr__max_iter': 1000, 'lr__penalty': None, 'lr__solver': 'newton-cg'}",0.8257109160005242,0.8285938933298388,0.8229589830952693,0.8393184796854521,0.8285714285714286,0.8290307401365027,0.005552060034526198,133
1.0840759754180909,0.06316537054148595,0.0,0.0,1.0,True,1000,l1,lbfgs,"{'lr__C': 1, 'lr__fit_intercept': True, 'lr__max_iter': 1000, 'lr__penalty': 'l1', 'lr__solver': 'lbfgs'}",,,,,,,,145
1.4495028972625732,0.10825989958874255,0.23984403610229493,0.027735173473819926,1.0,True,1000,l1,liblinear,"{'lr__C': 1, 'lr__fit_intercept': True, 'lr__max_iter': 1000, 'lr__penalty': 'l1', 'lr__solver': 'liblinear'}",0.8685624426680645,0.8711833311492596,0.8738042196304547,0.8791612057667103,0.8703800786369593,0.8726182555702897,0.0036806187089037322,1
1.0005066871643067,0.03558133447197622,0.0,0.0,1.0,True,1000,l1,newton-cg,"{'lr__C': 1, 'lr__fit_intercept': True, 'lr__max_iter': 1000, 'lr__penalty': 'l1', 'lr__solver': 'newton-cg'}",,,,,,,,145
1.5573318958282472,0.029746063365943216,0.20608272552490234,0.015419585086246206,1.0,True,1000,l2,lbfgs,"{'lr__C': 1, 'lr__fit_intercept': True, 'lr__max_iter': 1000, 'lr__penalty': 'l2', 'lr__solver': 'lbfgs'}",0.8616170881928974,0.8650242432184511,0.8668588651552877,0.8710353866317169,0.8668414154652687,0.8662753997327244,0.0030523282920645535,16
1.2323887825012207,0.04810284788273663,0.22253098487854003,0.03149927477687895,1.0,True,1000,l2,liblinear,"{'lr__C': 1, 'lr__fit_intercept': True, 'lr__max_iter': 1000, 'lr__penalty': 'l2', 'lr__solver': 'liblinear'}",0.8617481326169572,0.8642379766740925,0.8668588651552877,0.8718217562254259,0.8669724770642202,0.8663278415471968,0.0033532643375484427,10
1.3522397994995117,0.0803294592946683,0.2658724308013916,0.06819340733625255,1.0,True,1000,l2,newton-cg,"{'lr__C': 1, 'lr__fit_intercept': True, 'lr__max_iter': 1000, 'lr__penalty': 'l2', 'lr__solver': 'newton-cg'}",0.8618791770410169,0.8641069322500328,0.8668588651552877,0.8716906946264744,0.8671035386631717,0.8663278415471968,0.0032974820464340185,10
1.1061115741729737,0.06258613299887901,0.0,0.0,1.0,True,1000,elasticnet,lbfgs,"{'lr__C': 1, 'lr__fit_intercept': True, 'lr__max_iter': 1000, 'lr__penalty': 'elasticnet', 'lr__solver': 'lbfgs'}",,,,,,,,145
1.0772719383239746,0.03491504469601799,0.0,0.0,1.0,True,1000,elasticnet,liblinear,"{'lr__C': 1, 'lr__fit_intercept': True, 'lr__max_iter': 1000, 'lr__penalty': 'elasticnet', 'lr__solver': 'liblinear'}",,,,,,,,145
1.0319527626037597,0.01978376215389299,0.0,0.0,1.0,True,1000,elasticnet,newton-cg,"{'lr__C': 1, 'lr__fit_intercept': True, 'lr__max_iter': 1000, 'lr__penalty': 'elasticnet', 'lr__solver': 'newton-cg'}",,,,,,,,145
1.3260649204254151,0.03533799601552114,0.23050370216369628,0.011277279489200256,1.0,False,250,,lbfgs,"{'lr__C': 1, 'lr__fit_intercept': False, 'lr__max_iter': 250, 'lr__penalty': None, 'lr__solver': 'lbfgs'}",0.8468090682741449,0.8396016249508583,0.8482505569388022,0.8520314547837483,0.8442988204456094,0.8461983050786326,0.004140884819458682,79
1.0870285987854005,0.07314282820678178,0.0,0.0,1.0,False,250,,liblinear,"{'lr__C': 1, 'lr__fit_intercept': False, 'lr__max_iter': 250, 'lr__penalty': None, 'lr__solver': 'liblinear'}",,,,,,,,145
1.4867111206054688,0.03036804012823202,0.24937167167663574,0.014222708214485137,1.0,False,250,,newton-cg,"{'lr__C': 1, 'lr__fit_intercept': False, 'lr__max_iter': 250, 'lr__penalty': None, 'lr__solver': 'newton-cg'}",0.8422225134320535,0.8382911807102608,0.8397326693749181,0.8513761467889909,0.8411533420707733,0.8425551704753993,0.004605073894930923,115
1.0818052768707276,0.04236148656600303,0.0,0.0,1.0,False,250,l1,lbfgs,"{'lr__C': 1, 'lr__fit_intercept': False, 'lr__max_iter': 250, 'lr__penalty': 'l1', 'lr__solver': 'lbfgs'}",,,,,,,,145
1.1474740028381347,0.014770630864637431,0.21418867111206055,0.009875924926042511,1.0,False,250,l1,liblinear,"{'lr__C': 1, 'lr__fit_intercept': False, 'lr__max_iter': 250, 'lr__penalty': 'l1', 'lr__solver': 'liblinear'}",0.8630585768575547,0.8655484209146901,0.8702660201808413,0.8782437745740498,0.8661861074705112,0.8686605799995295,0.005321767452600607,4
0.9858912467956543,0.012256536933331138,0.0,0.0,1.0,False,250,l1,newton-cg,"{'lr__C': 1, 'lr__fit_intercept': False, 'lr__max_iter': 250, 'lr__penalty': 'l1', 'lr__solver': 'newton-cg'}",,,,,,,,145
1.1025697708129882,0.015033932740242879,0.19622292518615722,0.0015126531083956784,1.0,False,250,l2,lbfgs,"{'lr__C': 1, 'lr__fit_intercept': False, 'lr__max_iter': 250, 'lr__penalty': 'l2', 'lr__solver': 'lbfgs'}",0.8624033547372559,0.864500065522212,0.8668588651552877,0.8726081258191349,0.8676277850589778,0.8667996392585737,0.003436370360107638,7
1.1471416473388671,0.02238783031212435,0.20194582939147948,0.00958508697461917,1.0,False,250,l2,liblinear,"{'lr__C': 1, 'lr__fit_intercept': False, 'lr__max_iter': 250, 'lr__penalty': 'l2', 'lr__solver': 'liblinear'}",0.8621412658891364,0.8627964880094352,0.8663346874590486,0.8709043250327654,0.8660550458715597,0.8656463624523891,0.003120720115834245,22
1.1737138271331786,0.03721670867338622,0.2273719310760498,0.010420322801157657,1.0,False,250,l2,newton-cg,"{'lr__C': 1, 'lr__fit_intercept': False, 'lr__max_iter': 250, 'lr__penalty': 'l2', 'lr__solver': 'newton-cg'}",0.8624033547372559,0.8631896212816145,0.8665967763071681,0.8706422018348624,0.8657929226736566,0.8657249753669115,0.0029122140648732875,19
1.133858585357666,0.05232134246349694,0.0,0.0,1.0,False,250,elasticnet,lbfgs,"{'lr__C': 1, 'lr__fit_intercept': False, 'lr__max_iter': 250, 'lr__penalty': 'elasticnet', 'lr__solver': 'lbfgs'}",,,,,,,,145
1.0917322635650635,0.06540897108105401,0.0,0.0,1.0,False,250,elasticnet,liblinear,"{'lr__C': 1, 'lr__fit_intercept': False, 'lr__max_iter': 250, 'lr__penalty': 'elasticnet', 'lr__solver': 'liblinear'}",,,,,,,,145
0.96613450050354,0.028623650500570214,0.0,0.0,1.0,False,250,elasticnet,newton-cg,"{'lr__C': 1, 'lr__fit_intercept': False, 'lr__max_iter': 250, 'lr__penalty': 'elasticnet', 'lr__solver': 'newton-cg'}",,,,,,,,145
1.2131003856658935,0.029435455284842916,0.20053257942199706,0.014008155815272604,1.0,False,500,,lbfgs,"{'lr__C': 1, 'lr__fit_intercept': False, 'lr__max_iter': 500, 'lr__penalty': None, 'lr__solver': 'lbfgs'}",0.8468090682741449,0.8396016249508583,0.8482505569388022,0.8520314547837483,0.8442988204456094,0.8461983050786326,0.004140884819458682,79
0.9730634689331055,0.02910682878681074,0.0,0.0,1.0,False,500,,liblinear,"{'lr__C': 1, 'lr__fit_intercept': False, 'lr__max_iter': 500, 'lr__penalty': None, 'lr__solver': 'liblinear'}",,,,,,,,145
1.2852997779846191,0.030957534128302766,0.21757912635803223,0.012414303512735514,1.0,False,500,,newton-cg,"{'lr__C': 1, 'lr__fit_intercept': False, 'lr__max_iter': 500, 'lr__penalty': None, 'lr__solver': 'newton-cg'}",0.8422225134320535,0.8382911807102608,0.8397326693749181,0.8513761467889909,0.8411533420707733,0.8425551704753993,0.004605073894930923,115
0.98631272315979,0.041433767374325095,0.0,0.0,1.0,False,500,l1,lbfgs,"{'lr__C': 1, 'lr__fit_intercept': False, 'lr__max_iter': 500, 'lr__penalty': 'l1', 'lr__solver': 'lbfgs'}",,,,,,,,145
1.1336317539215088,0.02529812362778486,0.21035199165344237,0.009391096038880364,1.0,False,500,l1,liblinear,"{'lr__C': 1, 'lr__fit_intercept': False, 'lr__max_iter': 500, 'lr__penalty': 'l1', 'lr__solver': 'liblinear'}",0.8630585768575547,0.8655484209146901,0.8702660201808413,0.8782437745740498,0.8661861074705112,0.8686605799995295,0.005321767452600607,4
0.9551265716552735,0.02718086316113976,0.0,0.0,1.0,False,500,l1,newton-cg,"{'lr__C': 1, 'lr__fit_intercept': False, 'lr__max_iter': 500, 'lr__penalty': 'l1', 'lr__solver': 'newton-cg'}",,,,,,,,145
1.10457181930542,0.029855607461283275,0.2138662338256836,0.02174002726531073,1.0,False,500,l2,lbfgs,"{'lr__C': 1, 'lr__fit_intercept': False, 'lr__max_iter': 500, 'lr__penalty': 'l2', 'lr__solver': 'lbfgs'}",0.8624033547372559,0.864500065522212,0.8668588651552877,0.8726081258191349,0.8676277850589778,0.8667996392585737,0.003436370360107638,7
1.1596579074859619,0.012977165047765592,0.2099374771118164,0.01374801982506102,1.0,False,500,l2,liblinear,"{'lr__C': 1, 'lr__fit_intercept': False, 'lr__max_iter': 500, 'lr__penalty': 'l2', 'lr__solver': 'liblinear'}",0.8621412658891364,0.8627964880094352,0.8663346874590486,0.8709043250327654,0.8660550458715597,0.8656463624523891,0.003120720115834245,22
1.1548545837402344,0.021067188096616042,0.21634726524353026,0.01279243290304537,1.0,False,500,l2,newton-cg,"{'lr__C': 1, 'lr__fit_intercept': False, 'lr__max_iter': 500, 'lr__penalty': 'l2', 'lr__solver': 'newton-cg'}",0.8624033547372559,0.8631896212816145,0.8665967763071681,0.8706422018348624,0.8657929226736566,0.8657249753669115,0.0029122140648732875,19
0.9740930080413819,0.0231585839501025,0.0,0.0,1.0,False,500,elasticnet,lbfgs,"{'lr__C': 1, 'lr__fit_intercept': False, 'lr__max_iter': 500, 'lr__penalty': 'elasticnet', 'lr__solver': 'lbfgs'}",,,,,,,,145
0.9435011863708496,0.03632944786762015,0.0,0.0,1.0,False,500,elasticnet,liblinear,"{'lr__C': 1, 'lr__fit_intercept': False, 'lr__max_iter': 500, 'lr__penalty': 'elasticnet', 'lr__solver': 'liblinear'}",,,,,,,,145
0.9217076301574707,0.04551733888352085,0.0,0.0,1.0,False,500,elasticnet,newton-cg,"{'lr__C': 1, 'lr__fit_intercept': False, 'lr__max_iter': 500, 'lr__penalty': 'elasticnet', 'lr__solver': 'newton-cg'}",,,,,,,,145
1.1792972087860107,0.04360887932063317,0.19404311180114747,0.00931267240424651,1.0,False,1000,,lbfgs,"{'lr__C': 1, 'lr__fit_intercept': False, 'lr__max_iter': 1000, 'lr__penalty': None, 'lr__solver': 'lbfgs'}",0.8468090682741449,0.8396016249508583,0.8482505569388022,0.8520314547837483,0.8442988204456094,0.8461983050786326,0.004140884819458682,79
0.918235969543457,0.032024481772941815,0.0,0.0,1.0,False,1000,,liblinear,"{'lr__C': 1, 'lr__fit_intercept': False, 'lr__max_iter': 1000, 'lr__penalty': None, 'lr__solver': 'liblinear'}",,,,,,,,145
1.3038381576538085,0.017344578479148172,0.20147466659545898,0.012030816396615154,1.0,False,1000,,newton-cg,"{'lr__C': 1, 'lr__fit_intercept': False, 'lr__max_iter': 1000, 'lr__penalty': None, 'lr__solver': 'newton-cg'}",0.8422225134320535,0.8382911807102608,0.8397326693749181,0.8513761467889909,0.8411533420707733,0.8425551704753993,0.004605073894930923,115
0.9520943641662598,0.026521143112793466,0.0,0.0,1.0,False,1000,l1,lbfgs,"{'lr__C': 1, 'lr__fit_intercept': False, 'lr__max_iter': 1000, 'lr__penalty': 'l1', 'lr__solver': 'lbfgs'}",,,,,,,,145
1.051025152206421,0.042630147608048154,0.20658769607543945,0.025647807346619887,1.0,False,1000,l1,liblinear,"{'lr__C': 1, 'lr__fit_intercept': False, 'lr__max_iter': 1000, 'lr__penalty': 'l1', 'lr__solver': 'liblinear'}",0.8630585768575547,0.8655484209146901,0.8702660201808413,0.8782437745740498,0.8661861074705112,0.8686605799995295,0.005321767452600607,4
0.891195011138916,0.021090598007760912,0.0,0.0,1.0,False,1000,l1,newton-cg,"{'lr__C': 1, 'lr__fit_intercept': False, 'lr__max_iter': 1000, 'lr__penalty': 'l1', 'lr__solver': 'newton-cg'}",,,,,,,,145
1.0249153137207032,0.022982686486841642,0.19791607856750487,0.006743227121483453,1.0,False,1000,l2,lbfgs,"{'lr__C': 1, 'lr__fit_intercept': False, 'lr__max_iter': 1000, 'lr__penalty': 'l2', 'lr__solver': 'lbfgs'}",0.8624033547372559,0.864500065522212,0.8668588651552877,0.8726081258191349,0.8676277850589778,0.8667996392585737,0.003436370360107638,7
1.1116744518280028,0.017412083856027157,0.19752345085144044,0.007324197571073151,1.0,False,1000,l2,liblinear,"{'lr__C': 1, 'lr__fit_intercept': False, 'lr__max_iter': 1000, 'lr__penalty': 'l2', 'lr__solver': 'liblinear'}",0.8621412658891364,0.8627964880094352,0.8663346874590486,0.8709043250327654,0.8660550458715597,0.8656463624523891,0.003120720115834245,22
1.135467290878296,0.0864720627925542,0.20801477432250975,0.007819079327736494,1.0,False,1000,l2,newton-cg,"{'lr__C': 1, 'lr__fit_intercept': False, 'lr__max_iter': 1000, 'lr__penalty': 'l2', 'lr__solver': 'newton-cg'}",0.8624033547372559,0.8631896212816145,0.8665967763071681,0.8706422018348624,0.8657929226736566,0.8657249753669115,0.0029122140648732875,19
0.9630352020263672,0.045352904926487754,0.0,0.0,1.0,False,1000,elasticnet,lbfgs,"{'lr__C': 1, 'lr__fit_intercept': False, 'lr__max_iter': 1000, 'lr__penalty': 'elasticnet', 'lr__solver': 'lbfgs'}",,,,,,,,145
0.9273436546325684,0.025037023371376484,0.0,0.0,1.0,False,1000,elasticnet,liblinear,"{'lr__C': 1, 'lr__fit_intercept': False, 'lr__max_iter': 1000, 'lr__penalty': 'elasticnet', 'lr__solver': 'liblinear'}",,,,,,,,145
0.9778805255889893,0.03386410455376049,0.0,0.0,1.0,False,1000,elasticnet,newton-cg,"{'lr__C': 1, 'lr__fit_intercept': False, 'lr__max_iter': 1000, 'lr__penalty': 'elasticnet', 'lr__solver': 'newton-cg'}",,,,,,,,145
2.0378764629364015,0.041268450112831215,0.2182593822479248,0.017455303828931665,10.0,True,250,,lbfgs,"{'lr__C': 10, 'lr__fit_intercept': True, 'lr__max_iter': 250, 'lr__penalty': None, 'lr__solver': 'lbfgs'}",0.8443192242170096,0.8406499803433364,0.8506093565718779,0.8515072083879424,0.8428571428571429,0.8459885824754618,0.004310455405531667,91
1.0673831939697265,0.04679310858643678,0.0,0.0,10.0,True,250,,liblinear,"{'lr__C': 10, 'lr__fit_intercept': True, 'lr__max_iter': 250, 'lr__penalty': None, 'lr__solver': 'liblinear'}",,,,,,,,145
5.4794212818145756,0.4583198524862299,0.2557878017425537,0.014070728480046073,10.0,True,250,,newton-cg,"{'lr__C': 10, 'lr__fit_intercept': True, 'lr__max_iter': 250, 'lr__penalty': None, 'lr__solver': 'newton-cg'}",0.8257109160005242,0.8285938933298388,0.8229589830952693,0.8393184796854521,0.8285714285714286,0.8290307401365027,0.005552060034526198,133
1.2811813354492188,0.064576234301514,0.0,0.0,10.0,True,250,l1,lbfgs,"{'lr__C': 10, 'lr__fit_intercept': True, 'lr__max_iter': 250, 'lr__penalty': 'l1', 'lr__solver': 'lbfgs'}",,,,,,,,145
2.141556739807129,0.1554766017368282,0.2485513210296631,0.02852051633867797,10.0,True,250,l1,liblinear,"{'lr__C': 10, 'lr__fit_intercept': True, 'lr__max_iter': 250, 'lr__penalty': 'l1', 'lr__solver': 'liblinear'}",0.8474642903944437,0.8460228017297864,0.8515266675402962,0.8528178243774575,0.8463958060288336,0.8488454780141634,0.0027872705784684998,61
1.1497305393218995,0.019197680695244412,0.0,0.0,10.0,True,250,l1,newton-cg,"{'lr__C': 10, 'lr__fit_intercept': True, 'lr__max_iter': 250, 'lr__penalty': 'l1', 'lr__solver': 'newton-cg'}",,,,,,,,145
2.2347699642181396,0.18776977465630199,0.2591086864471436,0.025799318916558147,10.0,True,250,l2,lbfgs,"{'lr__C': 10, 'lr__fit_intercept': True, 'lr__max_iter': 250, 'lr__penalty': 'l2', 'lr__solver': 'lbfgs'}",0.8544096448696108,0.8546717337177303,0.8570305333508059,0.8629095674967234,0.8554390563564875,0.8568921071582716,0.0031442972059991356,28
1.5961668968200684,0.05592331000930476,0.25850539207458495,0.022729707200455664,10.0,True,250,l2,liblinear,"{'lr__C': 10, 'lr__fit_intercept': True, 'lr__max_iter': 250, 'lr__penalty': 'l2', 'lr__solver': 'liblinear'}",0.8544096448696108,0.8536233783252523,0.8572926221989254,0.8619921363040629,0.854259501965924,0.8563154567327551,0.0031076003062388583,34
1.7284695625305175,0.03333943399385711,0.23304824829101561,0.011757717033378605,10.0,True,250,l2,newton-cg,"{'lr__C': 10, 'lr__fit_intercept': True, 'lr__max_iter': 250, 'lr__penalty': 'l2', 'lr__solver': 'newton-cg'}",0.8544096448696108,0.8536233783252523,0.8572926221989254,0.8621231979030144,0.854259501965924,0.8563416690525454,0.0031555547668692644,31
1.078759002685547,0.08759629641852076,0.0,0.0,10.0,True,250,elasticnet,lbfgs,"{'lr__C': 10, 'lr__fit_intercept': True, 'lr__max_iter': 250, 'lr__penalty': 'elasticnet', 'lr__solver': 'lbfgs'}",,,,,,,,145
1.011061143875122,0.025808251250362093,0.0,0.0,10.0,True,250,elasticnet,liblinear,"{'lr__C': 10, 'lr__fit_intercept': True, 'lr__max_iter': 250, 'lr__penalty': 'elasticnet', 'lr__solver': 'liblinear'}",,,,,,,,145
1.0588547229766845,0.012503535214403694,0.0,0.0,10.0,True,250,elasticnet,newton-cg,"{'lr__C': 10, 'lr__fit_intercept': True, 'lr__max_iter': 250, 'lr__penalty': 'elasticnet', 'lr__solver': 'newton-cg'}",,,,,,,,145
2.360927629470825,0.0665078132428467,0.24111576080322267,0.0233770027059666,10.0,True,500,,lbfgs,"{'lr__C': 10, 'lr__fit_intercept': True, 'lr__max_iter': 500, 'lr__penalty': None, 'lr__solver': 'lbfgs'}",0.8443192242170096,0.8406499803433364,0.8506093565718779,0.8515072083879424,0.8428571428571429,0.8459885824754618,0.004310455405531667,91
1.2162033557891845,0.0698117906414087,0.0,0.0,10.0,True,500,,liblinear,"{'lr__C': 10, 'lr__fit_intercept': True, 'lr__max_iter': 500, 'lr__penalty': None, 'lr__solver': 'liblinear'}",,,,,,,,145
5.633834171295166,0.5210310691109419,0.26657676696777344,0.0091235367769854,10.0,True,500,,newton-cg,"{'lr__C': 10, 'lr__fit_intercept': True, 'lr__max_iter': 500, 'lr__penalty': None, 'lr__solver': 'newton-cg'}",0.8257109160005242,0.8285938933298388,0.8229589830952693,0.8393184796854521,0.8285714285714286,0.8290307401365027,0.005552060034526198,133
1.2828874111175537,0.0766378814900038,0.0,0.0,10.0,True,500,l1,lbfgs,"{'lr__C': 10, 'lr__fit_intercept': True, 'lr__max_iter': 500, 'lr__penalty': 'l1', 'lr__solver': 'lbfgs'}",,,,,,,,145
2.1428668022155763,0.1383668272360981,0.25104198455810545,0.03459925712420059,10.0,True,500,l1,liblinear,"{'lr__C': 10, 'lr__fit_intercept': True, 'lr__max_iter': 500, 'lr__penalty': 'l1', 'lr__solver': 'liblinear'}",0.8474642903944437,0.8460228017297864,0.8515266675402962,0.8528178243774575,0.8463958060288336,0.8488454780141634,0.0027872705784684998,61
1.1575467586517334,0.04359710548853396,0.0,0.0,10.0,True,500,l1,newton-cg,"{'lr__C': 10, 'lr__fit_intercept': True, 'lr__max_iter': 500, 'lr__penalty': 'l1', 'lr__solver': 'newton-cg'}",,,,,,,,145
2.344414472579956,0.21044407260239414,0.24940056800842286,0.03457950505715899,10.0,True,500,l2,lbfgs,"{'lr__C': 10, 'lr__fit_intercept': True, 'lr__max_iter': 500, 'lr__penalty': 'l2', 'lr__solver': 'lbfgs'}",0.8544096448696108,0.8546717337177303,0.8570305333508059,0.8629095674967234,0.8554390563564875,0.8568921071582716,0.0031442972059991356,28
1.708010721206665,0.09645595650627209,0.29337244033813475,0.02928972093134229,10.0,True,500,l2,liblinear,"{'lr__C': 10, 'lr__fit_intercept': True, 'lr__max_iter': 500, 'lr__penalty': 'l2', 'lr__solver': 'liblinear'}",0.8544096448696108,0.8536233783252523,0.8572926221989254,0.8619921363040629,0.854259501965924,0.8563154567327551,0.0031076003062388583,34
1.8285715103149414,0.07007068586687504,0.2466808795928955,0.016631202834294024,10.0,True,500,l2,newton-cg,"{'lr__C': 10, 'lr__fit_intercept': True, 'lr__max_iter': 500, 'lr__penalty': 'l2', 'lr__solver': 'newton-cg'}",0.8544096448696108,0.8536233783252523,0.8572926221989254,0.8621231979030144,0.854259501965924,0.8563416690525454,0.0031555547668692644,31
1.1701144218444823,0.0920347990035727,0.0,0.0,10.0,True,500,elasticnet,lbfgs,"{'lr__C': 10, 'lr__fit_intercept': True, 'lr__max_iter': 500, 'lr__penalty': 'elasticnet', 'lr__solver': 'lbfgs'}",,,,,,,,145
1.0425207614898682,0.04528546336915482,0.0,0.0,10.0,True,500,elasticnet,liblinear,"{'lr__C': 10, 'lr__fit_intercept': True, 'lr__max_iter': 500, 'lr__penalty': 'elasticnet', 'lr__solver': 'liblinear'}",,,,,,,,145
0.9953315258026123,0.013364913369639509,0.0,0.0,10.0,True,500,elasticnet,newton-cg,"{'lr__C': 10, 'lr__fit_intercept': True, 'lr__max_iter': 500, 'lr__penalty': 'elasticnet', 'lr__solver': 'newton-cg'}",,,,,,,,145
2.114622688293457,0.030581340451580626,0.2361316680908203,0.00510895128142405,10.0,True,1000,,lbfgs,"{'lr__C': 10, 'lr__fit_intercept': True, 'lr__max_iter': 1000, 'lr__penalty': None, 'lr__solver': 'lbfgs'}",0.8443192242170096,0.8406499803433364,0.8506093565718779,0.8515072083879424,0.8428571428571429,0.8459885824754618,0.004310455405531667,91
1.0580735683441163,0.038353202423065044,0.0,0.0,10.0,True,1000,,liblinear,"{'lr__C': 10, 'lr__fit_intercept': True, 'lr__max_iter': 1000, 'lr__penalty': None, 'lr__solver': 'liblinear'}",,,,,,,,145
6.270894193649292,0.4842070527048893,0.26948819160461424,0.045814366667356825,10.0,True,1000,,newton-cg,"{'lr__C': 10, 'lr__fit_intercept': True, 'lr__max_iter': 1000, 'lr__penalty': None, 'lr__solver': 'newton-cg'}",0.8257109160005242,0.8285938933298388,0.8229589830952693,0.8393184796854521,0.8285714285714286,0.8290307401365027,0.005552060034526198,133
1.5438796043395997,0.07065265819074104,0.0,0.0,10.0,True,1000,l1,lbfgs,"{'lr__C': 10, 'lr__fit_intercept': True, 'lr__max_iter': 1000, 'lr__penalty': 'l1', 'lr__solver': 'lbfgs'}",,,,,,,,145
2.2786316871643066,0.26276853975105147,0.25759210586547854,0.036255495485436114,10.0,True,1000,l1,liblinear,"{'lr__C': 10, 'lr__fit_intercept': True, 'lr__max_iter': 1000, 'lr__penalty': 'l1', 'lr__solver': 'liblinear'}",0.8474642903944437,0.8460228017297864,0.8515266675402962,0.8528178243774575,0.8463958060288336,0.8488454780141634,0.0027872705784684998,61
1.0817324638366699,0.029164788955200794,0.0,0.0,10.0,True,1000,l1,newton-cg,"{'lr__C': 10, 'lr__fit_intercept': True, 'lr__max_iter': 1000, 'lr__penalty': 'l1', 'lr__solver': 'newton-cg'}",,,,,,,,145
2.1438502788543703,0.17855695337933597,0.22242345809936523,0.017711648574526225,10.0,True,1000,l2,lbfgs,"{'lr__C': 10, 'lr__fit_intercept': True, 'lr__max_iter': 1000, 'lr__penalty': 'l2', 'lr__solver': 'lbfgs'}",0.8544096448696108,0.8546717337177303,0.8570305333508059,0.8629095674967234,0.8554390563564875,0.8568921071582716,0.0031442972059991356,28
1.494684600830078,0.05430837061671927,0.22766528129577637,0.007048179182910097,10.0,True,1000,l2,liblinear,"{'lr__C': 10, 'lr__fit_intercept': True, 'lr__max_iter': 1000, 'lr__penalty': 'l2', 'lr__solver': 'liblinear'}",0.8544096448696108,0.8536233783252523,0.8572926221989254,0.8619921363040629,0.854259501965924,0.8563154567327551,0.0031076003062388583,34
1.5134584426879882,0.026169546694163583,0.22312507629394532,0.021355197675080796,10.0,True,1000,l2,newton-cg,"{'lr__C': 10, 'lr__fit_intercept': True, 'lr__max_iter': 1000, 'lr__penalty': 'l2', 'lr__solver': 'newton-cg'}",0.8544096448696108,0.8536233783252523,0.8572926221989254,0.8621231979030144,0.854259501965924,0.8563416690525454,0.0031555547668692644,31
1.016185998916626,0.03730259813034458,0.0,0.0,10.0,True,1000,elasticnet,lbfgs,"{'lr__C': 10, 'lr__fit_intercept': True, 'lr__max_iter': 1000, 'lr__penalty': 'elasticnet', 'lr__solver': 'lbfgs'}",,,,,,,,145
0.9457152843475342,0.00695342008797883,0.0,0.0,10.0,True,1000,elasticnet,liblinear,"{'lr__C': 10, 'lr__fit_intercept': True, 'lr__max_iter': 1000, 'lr__penalty': 'elasticnet', 'lr__solver': 'liblinear'}",,,,,,,,145
0.9466629505157471,0.026668178797904705,0.0,0.0,10.0,True,1000,elasticnet,newton-cg,"{'lr__C': 10, 'lr__fit_intercept': True, 'lr__max_iter': 1000, 'lr__penalty': 'elasticnet', 'lr__solver': 'newton-cg'}",,,,,,,,145
1.2570685863494873,0.07648460704670357,0.22740001678466798,0.019150171372919446,10.0,False,250,,lbfgs,"{'lr__C': 10, 'lr__fit_intercept': False, 'lr__max_iter': 250, 'lr__penalty': None, 'lr__solver': 'lbfgs'}",0.8468090682741449,0.8396016249508583,0.8482505569388022,0.8520314547837483,0.8442988204456094,0.8461983050786326,0.004140884819458682,79
1.0255324840545654,0.047403628731317905,0.0,0.0,10.0,False,250,,liblinear,"{'lr__C': 10, 'lr__fit_intercept': False, 'lr__max_iter': 250, 'lr__penalty': None, 'lr__solver': 'liblinear'}",,,,,,,,145
1.395240306854248,0.022500131883689913,0.2337052822113037,0.012079197973927149,10.0,False,250,,newton-cg,"{'lr__C': 10, 'lr__fit_intercept': False, 'lr__max_iter': 250, 'lr__penalty': None, 'lr__solver': 'newton-cg'}",0.8422225134320535,0.8382911807102608,0.8397326693749181,0.8513761467889909,0.8411533420707733,0.8425551704753993,0.004605073894930923,115
1.0352136611938476,0.013609451796127712,0.0,0.0,10.0,False,250,l1,lbfgs,"{'lr__C': 10, 'lr__fit_intercept': False, 'lr__max_iter': 250, 'lr__penalty': 'l1', 'lr__solver': 'lbfgs'}",,,,,,,,145
1.6318015575408935,0.08667732355144693,0.21644930839538573,0.014617840166536344,10.0,False,250,l1,liblinear,"{'lr__C': 10, 'lr__fit_intercept': False, 'lr__max_iter': 250, 'lr__penalty': 'l1', 'lr__solver': 'liblinear'}",0.8474642903944437,0.8451054907613681,0.8523129340846547,0.8528178243774575,0.8462647444298821,0.8487930568095612,0.0031731503917173075,64
1.008368158340454,0.07365607116628976,0.0,0.0,10.0,False,250,l1,newton-cg,"{'lr__C': 10, 'lr__fit_intercept': False, 'lr__max_iter': 250, 'lr__penalty': 'l1', 'lr__solver': 'newton-cg'}",,,,,,,,145
1.1209068775177002,0.08518820406603161,0.20905346870422364,0.009229439030468967,10.0,False,250,l2,lbfgs,"{'lr__C': 10, 'lr__fit_intercept': False, 'lr__max_iter': 250, 'lr__penalty': 'l2', 'lr__solver': 'lbfgs'}",0.8555890446861486,0.8545406892936706,0.857554711047045,0.8642201834862385,0.8560943643512451,0.8575997985728696,0.0034496127973101956,25
1.2965832710266114,0.029925531198144856,0.21061697006225585,0.001905837572689566,10.0,False,250,l2,liblinear,"{'lr__C': 10, 'lr__fit_intercept': False, 'lr__max_iter': 250, 'lr__penalty': 'l2', 'lr__solver': 'liblinear'}",0.8534923339011925,0.8534923339011925,0.8570305333508059,0.8614678899082568,0.854259501965924,0.8559485186054744,0.0030513170696886923,40
1.2857443809509277,0.017535638559795872,0.20876116752624513,0.010017543206567876,10.0,False,250,l2,newton-cg,"{'lr__C': 10, 'lr__fit_intercept': False, 'lr__max_iter': 250, 'lr__penalty': 'l2', 'lr__solver': 'newton-cg'}",0.8541475560214913,0.8536233783252523,0.8570305333508059,0.8614678899082568,0.8546526867627785,0.8561844088737169,0.002887383525269852,37
1.003532075881958,0.04983016306960667,0.0,0.0,10.0,False,250,elasticnet,lbfgs,"{'lr__C': 10, 'lr__fit_intercept': False, 'lr__max_iter': 250, 'lr__penalty': 'elasticnet', 'lr__solver': 'lbfgs'}",,,,,,,,145
0.9487096309661865,0.010094522602068562,0.0,0.0,10.0,False,250,elasticnet,liblinear,"{'lr__C': 10, 'lr__fit_intercept': False, 'lr__max_iter': 250, 'lr__penalty': 'elasticnet', 'lr__solver': 'liblinear'}",,,,,,,,145
0.9466142177581787,0.030627351673169927,0.0,0.0,10.0,False,250,elasticnet,newton-cg,"{'lr__C': 10, 'lr__fit_intercept': False, 'lr__max_iter': 250, 'lr__penalty': 'elasticnet', 'lr__solver': 'newton-cg'}",,,,,,,,145
1.2506706714630127,0.021659934704790614,0.2128443717956543,0.022134503177817965,10.0,False,500,,lbfgs,"{'lr__C': 10, 'lr__fit_intercept': False, 'lr__max_iter': 500, 'lr__penalty': None, 'lr__solver': 'lbfgs'}",0.8468090682741449,0.8396016249508583,0.8482505569388022,0.8520314547837483,0.8442988204456094,0.8461983050786326,0.004140884819458682,79
1.0076711177825928,0.047666474680543726,0.0,0.0,10.0,False,500,,liblinear,"{'lr__C': 10, 'lr__fit_intercept': False, 'lr__max_iter': 500, 'lr__penalty': None, 'lr__solver': 'liblinear'}",,,,,,,,145
1.3473151683807374,0.03682330642481745,0.2193591594696045,0.01955850868656499,10.0,False,500,,newton-cg,"{'lr__C': 10, 'lr__fit_intercept': False, 'lr__max_iter': 500, 'lr__penalty': None, 'lr__solver': 'newton-cg'}",0.8422225134320535,0.8382911807102608,0.8397326693749181,0.8513761467889909,0.8411533420707733,0.8425551704753993,0.004605073894930923,115
0.9756673336029053,0.046158270363555715,0.0,0.0,10.0,False,500,l1,lbfgs,"{'lr__C': 10, 'lr__fit_intercept': False, 'lr__max_iter': 500, 'lr__penalty': 'l1', 'lr__solver': 'lbfgs'}",,,,,,,,145
1.4097829818725587,0.06985746911127563,0.21395936012268066,0.011568504332397955,10.0,False,500,l1,liblinear,"{'lr__C': 10, 'lr__fit_intercept': False, 'lr__max_iter': 500, 'lr__penalty': 'l1', 'lr__solver': 'liblinear'}",0.8474642903944437,0.8451054907613681,0.8523129340846547,0.8528178243774575,0.8462647444298821,0.8487930568095612,0.0031731503917173075,64
0.9549661159515381,0.011706286237301447,0.0,0.0,10.0,False,500,l1,newton-cg,"{'lr__C': 10, 'lr__fit_intercept': False, 'lr__max_iter': 500, 'lr__penalty': 'l1', 'lr__solver': 'newton-cg'}",,,,,,,,145
1.140528154373169,0.05015007095927716,0.21307682991027832,0.007455874982002236,10.0,False,500,l2,lbfgs,"{'lr__C': 10, 'lr__fit_intercept': False, 'lr__max_iter': 500, 'lr__penalty': 'l2', 'lr__solver': 'lbfgs'}",0.8555890446861486,0.8545406892936706,0.857554711047045,0.8642201834862385,0.8560943643512451,0.8575997985728696,0.0034496127973101956,25
1.2931501865386963,0.034925563579011484,0.2047802448272705,0.006661925626700567,10.0,False,500,l2,liblinear,"{'lr__C': 10, 'lr__fit_intercept': False, 'lr__max_iter': 500, 'lr__penalty': 'l2', 'lr__solver': 'liblinear'}",0.8534923339011925,0.8534923339011925,0.8570305333508059,0.8614678899082568,0.854259501965924,0.8559485186054744,0.0030513170696886923,40
1.2815748691558837,0.05183826867272258,0.20027556419372558,0.0030098284475178682,10.0,False,500,l2,newton-cg,"{'lr__C': 10, 'lr__fit_intercept': False, 'lr__max_iter': 500, 'lr__penalty': 'l2', 'lr__solver': 'newton-cg'}",0.8541475560214913,0.8536233783252523,0.8570305333508059,0.8614678899082568,0.8546526867627785,0.8561844088737169,0.002887383525269852,37
0.9407551765441895,0.019722433710201763,0.0,0.0,10.0,False,500,elasticnet,lbfgs,"{'lr__C': 10, 'lr__fit_intercept': False, 'lr__max_iter': 500, 'lr__penalty': 'elasticnet', 'lr__solver': 'lbfgs'}",,,,,,,,145
0.9649974346160889,0.0192942088905152,0.0,0.0,10.0,False,500,elasticnet,liblinear,"{'lr__C': 10, 'lr__fit_intercept': False, 'lr__max_iter': 500, 'lr__penalty': 'elasticnet', 'lr__solver': 'liblinear'}",,,,,,,,145
0.9809810161590576,0.008845960968010826,0.0,0.0,10.0,False,500,elasticnet,newton-cg,"{'lr__C': 10, 'lr__fit_intercept': False, 'lr__max_iter': 500, 'lr__penalty': 'elasticnet', 'lr__solver': 'newton-cg'}",,,,,,,,145
1.3121853828430177,0.06507802543691055,0.24442596435546876,0.03991697127898943,10.0,False,1000,,lbfgs,"{'lr__C': 10, 'lr__fit_intercept': False, 'lr__max_iter': 1000, 'lr__penalty': None, 'lr__solver': 'lbfgs'}",0.8468090682741449,0.8396016249508583,0.8482505569388022,0.8520314547837483,0.8442988204456094,0.8461983050786326,0.004140884819458682,79
1.0490655422210693,0.05913980437933057,0.0,0.0,10.0,False,1000,,liblinear,"{'lr__C': 10, 'lr__fit_intercept': False, 'lr__max_iter': 1000, 'lr__penalty': None, 'lr__solver': 'liblinear'}",,,,,,,,145
1.3456308364868164,0.013514380426549072,0.20575966835021972,0.013361873695844032,10.0,False,1000,,newton-cg,"{'lr__C': 10, 'lr__fit_intercept': False, 'lr__max_iter': 1000, 'lr__penalty': None, 'lr__solver': 'newton-cg'}",0.8422225134320535,0.8382911807102608,0.8397326693749181,0.8513761467889909,0.8411533420707733,0.8425551704753993,0.004605073894930923,115
1.0261073589324952,0.05453831006998388,0.0,0.0,10.0,False,1000,l1,lbfgs,"{'lr__C': 10, 'lr__fit_intercept': False, 'lr__max_iter': 1000, 'lr__penalty': 'l1', 'lr__solver': 'lbfgs'}",,,,,,,,145
1.5925405979156495,0.08710392016450647,0.24100337028503419,0.017791277058258857,10.0,False,1000,l1,liblinear,"{'lr__C': 10, 'lr__fit_intercept': False, 'lr__max_iter': 1000, 'lr__penalty': 'l1', 'lr__solver': 'liblinear'}",0.8474642903944437,0.8451054907613681,0.8523129340846547,0.8528178243774575,0.8462647444298821,0.8487930568095612,0.0031731503917173075,64
1.0895537853240966,0.05217034059078215,0.0,0.0,10.0,False,1000,l1,newton-cg,"{'lr__C': 10, 'lr__fit_intercept': False, 'lr__max_iter': 1000, 'lr__penalty': 'l1', 'lr__solver': 'newton-cg'}",,,,,,,,145
1.2878688335418702,0.07724207847533505,0.23958091735839843,0.02560803457660197,10.0,False,1000,l2,lbfgs,"{'lr__C': 10, 'lr__fit_intercept': False, 'lr__max_iter': 1000, 'lr__penalty': 'l2', 'lr__solver': 'lbfgs'}",0.8555890446861486,0.8545406892936706,0.857554711047045,0.8642201834862385,0.8560943643512451,0.8575997985728696,0.0034496127973101956,25
1.414466142654419,0.031249656239307214,0.2515264511108398,0.014055449538035098,10.0,False,1000,l2,liblinear,"{'lr__C': 10, 'lr__fit_intercept': False, 'lr__max_iter': 1000, 'lr__penalty': 'l2', 'lr__solver': 'liblinear'}",0.8534923339011925,0.8534923339011925,0.8570305333508059,0.8614678899082568,0.854259501965924,0.8559485186054744,0.0030513170696886923,40
1.3928571701049806,0.03679022683247712,0.23505187034606934,0.023268155288649135,10.0,False,1000,l2,newton-cg,"{'lr__C': 10, 'lr__fit_intercept': False, 'lr__max_iter': 1000, 'lr__penalty': 'l2', 'lr__solver': 'newton-cg'}",0.8541475560214913,0.8536233783252523,0.8570305333508059,0.8614678899082568,0.8546526867627785,0.8561844088737169,0.002887383525269852,37
0.9957920551300049,0.06549641215514722,0.0,0.0,10.0,False,1000,elasticnet,lbfgs,"{'lr__C': 10, 'lr__fit_intercept': False, 'lr__max_iter': 1000, 'lr__penalty': 'elasticnet', 'lr__solver': 'lbfgs'}",,,,,,,,145
0.9393491744995117,0.007341392186124806,0.0,0.0,10.0,False,1000,elasticnet,liblinear,"{'lr__C': 10, 'lr__fit_intercept': False, 'lr__max_iter': 1000, 'lr__penalty': 'elasticnet', 'lr__solver': 'liblinear'}",,,,,,,,145
0.9727589607238769,0.0328252234092936,0.0,0.0,10.0,False,1000,elasticnet,newton-cg,"{'lr__C': 10, 'lr__fit_intercept': False, 'lr__max_iter': 1000, 'lr__penalty': 'elasticnet', 'lr__solver': 'newton-cg'}",,,,,,,,145
2.111023473739624,0.10018967289319122,0.25403270721435545,0.017230809025328427,100.0,True,250,,lbfgs,"{'lr__C': 100, 'lr__fit_intercept': True, 'lr__max_iter': 250, 'lr__penalty': None, 'lr__solver': 'lbfgs'}",0.8443192242170096,0.8406499803433364,0.8506093565718779,0.8515072083879424,0.8428571428571429,0.8459885824754618,0.004310455405531667,91
1.1288846969604491,0.07629768133889517,0.0,0.0,100.0,True,250,,liblinear,"{'lr__C': 100, 'lr__fit_intercept': True, 'lr__max_iter': 250, 'lr__penalty': None, 'lr__solver': 'liblinear'}",,,,,,,,145
6.106780195236206,0.48916981308308305,0.29754114151000977,0.0409849387177484,100.0,True,250,,newton-cg,"{'lr__C': 100, 'lr__fit_intercept': True, 'lr__max_iter': 250, 'lr__penalty': None, 'lr__solver': 'newton-cg'}",0.8257109160005242,0.8285938933298388,0.8229589830952693,0.8393184796854521,0.8285714285714286,0.8290307401365027,0.005552060034526198,133
1.3532949924468993,0.20510893324465626,0.0,0.0,100.0,True,250,l1,lbfgs,"{'lr__C': 100, 'lr__fit_intercept': True, 'lr__max_iter': 250, 'lr__penalty': 'l1', 'lr__solver': 'lbfgs'}",,,,,,,,145
3.642124557495117,0.7531057821416131,0.24309463500976564,0.013307487642636371,100.0,True,250,l1,liblinear,"{'lr__C': 100, 'lr__fit_intercept': True, 'lr__max_iter': 250, 'lr__penalty': 'l1', 'lr__solver': 'liblinear'}",0.8392084916786791,0.8373738697418425,0.8416983357358144,0.845478374836173,0.836173001310616,0.839986414660625,0.003318583337329543,127
1.159240961074829,0.02015131474084608,0.0,0.0,100.0,True,250,l1,newton-cg,"{'lr__C': 100, 'lr__fit_intercept': True, 'lr__max_iter': 250, 'lr__penalty': 'l1', 'lr__solver': 'newton-cg'}",,,,,,,,145
2.5427510738372803,0.07636365300130853,0.261240816116333,0.03367097580509099,100.0,True,250,l2,lbfgs,"{'lr__C': 100, 'lr__fit_intercept': True, 'lr__max_iter': 250, 'lr__penalty': 'l2', 'lr__solver': 'lbfgs'}",0.8460228017297864,0.8448434019132486,0.8510024898440571,0.8560943643512451,0.8479685452162516,0.8491863206109178,0.00403413709334155,58
2.0789721488952635,0.1588623953180134,0.24830098152160646,0.02319248770411822,100.0,True,250,l2,liblinear,"{'lr__C': 100, 'lr__fit_intercept': True, 'lr__max_iter': 250, 'lr__penalty': 'l2', 'lr__solver': 'liblinear'}",0.8470711571222644,0.8439260909448303,0.8486436902109815,0.8549148099606815,0.8466579292267365,0.8482427354930989,0.003665923330452106,73
1.967018461227417,0.14856735321834266,0.24394211769104004,0.0030394749691508775,100.0,True,250,l2,newton-cg,"{'lr__C': 100, 'lr__fit_intercept': True, 'lr__max_iter': 250, 'lr__penalty': 'l2', 'lr__solver': 'newton-cg'}",0.8468090682741449,0.84405713536889,0.8487747346350413,0.855307994757536,0.8466579292267365,0.8483213724524699,0.003801480072293651,67
1.103160572052002,0.04706519041566413,0.0,0.0,100.0,True,250,elasticnet,lbfgs,"{'lr__C': 100, 'lr__fit_intercept': True, 'lr__max_iter': 250, 'lr__penalty': 'elasticnet', 'lr__solver': 'lbfgs'}",,,,,,,,145
1.088940143585205,0.01511058093272774,0.0,0.0,100.0,True,250,elasticnet,liblinear,"{'lr__C': 100, 'lr__fit_intercept': True, 'lr__max_iter': 250, 'lr__penalty': 'elasticnet', 'lr__solver': 'liblinear'}",,,,,,,,145
1.0443736076354981,0.031268691040824456,0.0,0.0,100.0,True,250,elasticnet,newton-cg,"{'lr__C': 100, 'lr__fit_intercept': True, 'lr__max_iter': 250, 'lr__penalty': 'elasticnet', 'lr__solver': 'newton-cg'}",,,,,,,,145
2.2945119857788088,0.07972904009141112,0.2426009178161621,0.017213682762575643,100.0,True,500,,lbfgs,"{'lr__C': 100, 'lr__fit_intercept': True, 'lr__max_iter': 500, 'lr__penalty': None, 'lr__solver': 'lbfgs'}",0.8443192242170096,0.8406499803433364,0.8506093565718779,0.8515072083879424,0.8428571428571429,0.8459885824754618,0.004310455405531667,91
1.1408556938171386,0.004625149951329497,0.0,0.0,100.0,True,500,,liblinear,"{'lr__C': 100, 'lr__fit_intercept': True, 'lr__max_iter': 500, 'lr__penalty': None, 'lr__solver': 'liblinear'}",,,,,,,,145
5.341837310791016,0.5063683662544521,0.2477689266204834,0.009105867179779903,100.0,True,500,,newton-cg,"{'lr__C': 100, 'lr__fit_intercept': True, 'lr__max_iter': 500, 'lr__penalty': None, 'lr__solver': 'newton-cg'}",0.8257109160005242,0.8285938933298388,0.8229589830952693,0.8393184796854521,0.8285714285714286,0.8290307401365027,0.005552060034526198,133
1.2448047637939452,0.04100060137038472,0.0,0.0,100.0,True,500,l1,lbfgs,"{'lr__C': 100, 'lr__fit_intercept': True, 'lr__max_iter': 500, 'lr__penalty': 'l1', 'lr__solver': 'lbfgs'}",,,,,,,,145
3.380701684951782,0.5150379057401777,0.2423253536224365,0.012724113055858459,100.0,True,500,l1,liblinear,"{'lr__C': 100, 'lr__fit_intercept': True, 'lr__max_iter': 500, 'lr__penalty': 'l1', 'lr__solver': 'liblinear'}",0.8392084916786791,0.8373738697418425,0.8416983357358144,0.845478374836173,0.836173001310616,0.839986414660625,0.003318583337329543,127
1.2150064945220946,0.10043341809567258,0.0,0.0,100.0,True,500,l1,newton-cg,"{'lr__C': 100, 'lr__fit_intercept': True, 'lr__max_iter': 500, 'lr__penalty': 'l1', 'lr__solver': 'newton-cg'}",,,,,,,,145
2.418509531021118,0.08698485240751078,0.26036577224731444,0.013133727201519283,100.0,True,500,l2,lbfgs,"{'lr__C': 100, 'lr__fit_intercept': True, 'lr__max_iter': 500, 'lr__penalty': 'l2', 'lr__solver': 'lbfgs'}",0.8460228017297864,0.8448434019132486,0.8510024898440571,0.8560943643512451,0.8479685452162516,0.8491863206109178,0.00403413709334155,58
2.049669790267944,0.08763185596653957,0.24972362518310548,0.015429797536254,100.0,True,500,l2,liblinear,"{'lr__C': 100, 'lr__fit_intercept': True, 'lr__max_iter': 500, 'lr__penalty': 'l2', 'lr__solver': 'liblinear'}",0.8470711571222644,0.8439260909448303,0.8486436902109815,0.8549148099606815,0.8466579292267365,0.8482427354930989,0.003665923330452106,73
2.0468676567077635,0.19801553517711998,0.2444685459136963,0.02018217389992007,100.0,True,500,l2,newton-cg,"{'lr__C': 100, 'lr__fit_intercept': True, 'lr__max_iter': 500, 'lr__penalty': 'l2', 'lr__solver': 'newton-cg'}",0.8468090682741449,0.84405713536889,0.8487747346350413,0.855307994757536,0.8466579292267365,0.8483213724524699,0.003801480072293651,67
1.1146250247955323,0.038379737078437726,0.0,0.0,100.0,True,500,elasticnet,lbfgs,"{'lr__C': 100, 'lr__fit_intercept': True, 'lr__max_iter': 500, 'lr__penalty': 'elasticnet', 'lr__solver': 'lbfgs'}",,,,,,,,145
1.0668198585510253,0.021175926895545275,0.0,0.0,100.0,True,500,elasticnet,liblinear,"{'lr__C': 100, 'lr__fit_intercept': True, 'lr__max_iter': 500, 'lr__penalty': 'elasticnet', 'lr__solver': 'liblinear'}",,,,,,,,145
1.073842716217041,0.011449535900250546,0.0,0.0,100.0,True,500,elasticnet,newton-cg,"{'lr__C': 100, 'lr__fit_intercept': True, 'lr__max_iter': 500, 'lr__penalty': 'elasticnet', 'lr__solver': 'newton-cg'}",,,,,,,,145
2.2927391052246096,0.09448858062710351,0.23340706825256347,0.006431109629998101,100.0,True,1000,,lbfgs,"{'lr__C': 100, 'lr__fit_intercept': True, 'lr__max_iter': 1000, 'lr__penalty': None, 'lr__solver': 'lbfgs'}",0.8443192242170096,0.8406499803433364,0.8506093565718779,0.8515072083879424,0.8428571428571429,0.8459885824754618,0.004310455405531667,91
1.1606410026550293,0.04644993422866862,0.0,0.0,100.0,True,1000,,liblinear,"{'lr__C': 100, 'lr__fit_intercept': True, 'lr__max_iter': 1000, 'lr__penalty': None, 'lr__solver': 'liblinear'}",,,,,,,,145
5.199247694015503,0.4951417419058993,0.25171632766723634,0.01418746547487934,100.0,True,1000,,newton-cg,"{'lr__C': 100, 'lr__fit_intercept': True, 'lr__max_iter': 1000, 'lr__penalty': None, 'lr__solver': 'newton-cg'}",0.8257109160005242,0.8285938933298388,0.8229589830952693,0.8393184796854521,0.8285714285714286,0.8290307401365027,0.005552060034526198,133
1.2152488708496094,0.08770017320833862,0.0,0.0,100.0,True,1000,l1,lbfgs,"{'lr__C': 100, 'lr__fit_intercept': True, 'lr__max_iter': 1000, 'lr__penalty': 'l1', 'lr__solver': 'lbfgs'}",,,,,,,,145
3.2527549266815186,0.5069365386195024,0.23676414489746095,0.01192064550959258,100.0,True,1000,l1,liblinear,"{'lr__C': 100, 'lr__fit_intercept': True, 'lr__max_iter': 1000, 'lr__penalty': 'l1', 'lr__solver': 'liblinear'}",0.8392084916786791,0.8373738697418425,0.8416983357358144,0.845478374836173,0.836173001310616,0.839986414660625,0.003318583337329543,127
1.0892179012298584,0.02181533648430528,0.0,0.0,100.0,True,1000,l1,newton-cg,"{'lr__C': 100, 'lr__fit_intercept': True, 'lr__max_iter': 1000, 'lr__penalty': 'l1', 'lr__solver': 'newton-cg'}",,,,,,,,145
2.4515931606292725,0.09693813657946382,0.24621520042419434,0.012163988526020169,100.0,True,1000,l2,lbfgs,"{'lr__C': 100, 'lr__fit_intercept': True, 'lr__max_iter': 1000, 'lr__penalty': 'l2', 'lr__solver': 'lbfgs'}",0.8460228017297864,0.8448434019132486,0.8510024898440571,0.8560943643512451,0.8479685452162516,0.8491863206109178,0.00403413709334155,58
2.0266852378845215,0.07711739296736884,0.25142593383789064,0.011911332709627295,100.0,True,1000,l2,liblinear,"{'lr__C': 100, 'lr__fit_intercept': True, 'lr__max_iter': 1000, 'lr__penalty': 'l2', 'lr__solver': 'liblinear'}",0.8470711571222644,0.8439260909448303,0.8486436902109815,0.8549148099606815,0.8466579292267365,0.8482427354930989,0.003665923330452106,73
2.063135528564453,0.1829303009429659,0.23858494758605958,0.012034878343272184,100.0,True,1000,l2,newton-cg,"{'lr__C': 100, 'lr__fit_intercept': True, 'lr__max_iter': 1000, 'lr__penalty': 'l2', 'lr__solver': 'newton-cg'}",0.8468090682741449,0.84405713536889,0.8487747346350413,0.855307994757536,0.8466579292267365,0.8483213724524699,0.003801480072293651,67
1.1315674304962158,0.03561469548681284,0.0,0.0,100.0,True,1000,elasticnet,lbfgs,"{'lr__C': 100, 'lr__fit_intercept': True, 'lr__max_iter': 1000, 'lr__penalty': 'elasticnet', 'lr__solver': 'lbfgs'}",,,,,,,,145
1.0218586444854736,0.03954439248529789,0.0,0.0,100.0,True,1000,elasticnet,liblinear,"{'lr__C': 100, 'lr__fit_intercept': True, 'lr__max_iter': 1000, 'lr__penalty': 'elasticnet', 'lr__solver': 'liblinear'}",,,,,,,,145
1.0361009120941163,0.022272548455404956,0.0,0.0,100.0,True,1000,elasticnet,newton-cg,"{'lr__C': 100, 'lr__fit_intercept': True, 'lr__max_iter': 1000, 'lr__penalty': 'elasticnet', 'lr__solver': 'newton-cg'}",,,,,,,,145
1.3294600009918214,0.03961304492037962,0.2271806240081787,0.015180791133387637,100.0,False,250,,lbfgs,"{'lr__C': 100, 'lr__fit_intercept': False, 'lr__max_iter': 250, 'lr__penalty': None, 'lr__solver': 'lbfgs'}",0.8468090682741449,0.8396016249508583,0.8482505569388022,0.8520314547837483,0.8442988204456094,0.8461983050786326,0.004140884819458682,79
1.0543741703033447,0.03666644797484455,0.0,0.0,100.0,False,250,,liblinear,"{'lr__C': 100, 'lr__fit_intercept': False, 'lr__max_iter': 250, 'lr__penalty': None, 'lr__solver': 'liblinear'}",,,,,,,,145
1.4263357162475585,0.07014930798662178,0.24690427780151367,0.021276006931045432,100.0,False,250,,newton-cg,"{'lr__C': 100, 'lr__fit_intercept': False, 'lr__max_iter': 250, 'lr__penalty': None, 'lr__solver': 'newton-cg'}",0.8422225134320535,0.8382911807102608,0.8397326693749181,0.8513761467889909,0.8411533420707733,0.8425551704753993,0.004605073894930923,115
1.0566351413726807,0.03210548041213078,0.0,0.0,100.0,False,250,l1,lbfgs,"{'lr__C': 100, 'lr__fit_intercept': False, 'lr__max_iter': 250, 'lr__penalty': 'l1', 'lr__solver': 'lbfgs'}",,,,,,,,145
2.8507099628448485,0.058998826572308094,0.2400263786315918,0.004771788709284599,100.0,False,250,l1,liblinear,"{'lr__C': 100, 'lr__fit_intercept': False, 'lr__max_iter': 250, 'lr__penalty': 'l1', 'lr__solver': 'liblinear'}",0.8393395361027388,0.8364565587734242,0.8413052024636352,0.8462647444298821,0.8357798165137614,0.8398291716566882,0.0037843573185345016,130
1.2483312129974364,0.12057824355617865,0.0,0.0,100.0,False,250,l1,newton-cg,"{'lr__C': 100, 'lr__fit_intercept': False, 'lr__max_iter': 250, 'lr__penalty': 'l1', 'lr__solver': 'newton-cg'}",,,,,,,,145
1.4221074104309082,0.07718189361533989,0.31872758865356443,0.07361603939322497,100.0,False,250,l2,lbfgs,"{'lr__C': 100, 'lr__fit_intercept': False, 'lr__max_iter': 250, 'lr__penalty': 'l2', 'lr__solver': 'lbfgs'}",0.8462848905779059,0.843532957672651,0.8540165115974315,0.8580602883355177,0.8483617300131061,0.8500512756393224,0.005280077092995111,55
2.4302070140838623,0.12579832803643148,0.2581062316894531,0.052396454911579377,100.0,False,250,l2,liblinear,"{'lr__C': 100, 'lr__fit_intercept': False, 'lr__max_iter': 250, 'lr__penalty': 'l2', 'lr__solver': 'liblinear'}",0.8468090682741449,0.8437950465207705,0.8481195125147425,0.85478374836173,0.8469200524246396,0.8480854856192055,0.003640418245879408,76
1.8238374233245849,0.09814640797742955,0.25568552017211915,0.042185931258148866,100.0,False,250,l2,newton-cg,"{'lr__C': 100, 'lr__fit_intercept': False, 'lr__max_iter': 250, 'lr__penalty': 'l2', 'lr__solver': 'newton-cg'}",0.8470711571222644,0.8436640020967108,0.8486436902109815,0.855570117955439,0.8465268676277851,0.8482951670026362,0.003977917823300625,70
1.1358087062835693,0.10460206306836005,0.0,0.0,100.0,False,250,elasticnet,lbfgs,"{'lr__C': 100, 'lr__fit_intercept': False, 'lr__max_iter': 250, 'lr__penalty': 'elasticnet', 'lr__solver': 'lbfgs'}",,,,,,,,145
1.1006727695465088,0.05063083211596611,0.0,0.0,100.0,False,250,elasticnet,liblinear,"{'lr__C': 100, 'lr__fit_intercept': False, 'lr__max_iter': 250, 'lr__penalty': 'elasticnet', 'lr__solver': 'liblinear'}",,,,,,,,145
1.069380807876587,0.01741612033909204,0.0,0.0,100.0,False,250,elasticnet,newton-cg,"{'lr__C': 100, 'lr__fit_intercept': False, 'lr__max_iter': 250, 'lr__penalty': 'elasticnet', 'lr__solver': 'newton-cg'}",,,,,,,,145
1.4538524150848389,0.024558561368044865,0.22540135383605958,0.021243414829027453,100.0,False,500,,lbfgs,"{'lr__C': 100, 'lr__fit_intercept': False, 'lr__max_iter': 500, 'lr__penalty': None, 'lr__solver': 'lbfgs'}",0.8468090682741449,0.8396016249508583,0.8482505569388022,0.8520314547837483,0.8442988204456094,0.8461983050786326,0.004140884819458682,79
1.101890754699707,0.04000581334132305,0.0,0.0,100.0,False,500,,liblinear,"{'lr__C': 100, 'lr__fit_intercept': False, 'lr__max_iter': 500, 'lr__penalty': None, 'lr__solver': 'liblinear'}",,,,,,,,145
1.5056001663208007,0.032210359783509966,0.2205185890197754,0.0196451958777962,100.0,False,500,,newton-cg,"{'lr__C': 100, 'lr__fit_intercept': False, 'lr__max_iter': 500, 'lr__penalty': None, 'lr__solver': 'newton-cg'}",0.8422225134320535,0.8382911807102608,0.8397326693749181,0.8513761467889909,0.8411533420707733,0.8425551704753993,0.004605073894930923,115
1.0319767951965333,0.08397972525694904,0.0,0.0,100.0,False,500,l1,lbfgs,"{'lr__C': 100, 'lr__fit_intercept': False, 'lr__max_iter': 500, 'lr__penalty': 'l1', 'lr__solver': 'lbfgs'}",,,,,,,,145
2.820700693130493,0.05622183632351705,0.2690907955169678,0.0059559426772033295,100.0,False,500,l1,liblinear,"{'lr__C': 100, 'lr__fit_intercept': False, 'lr__max_iter': 500, 'lr__penalty': 'l1', 'lr__solver': 'liblinear'}",0.8393395361027388,0.8364565587734242,0.8413052024636352,0.8462647444298821,0.8357798165137614,0.8398291716566882,0.0037843573185345016,130
1.2039984703063964,0.08739078641796869,0.0,0.0,100.0,False,500,l1,newton-cg,"{'lr__C': 100, 'lr__fit_intercept': False, 'lr__max_iter': 500, 'lr__penalty': 'l1', 'lr__solver': 'newton-cg'}",,,,,,,,145
1.4641470432281494,0.04406891697498786,0.26883625984191895,0.05315067037429761,100.0,False,500,l2,lbfgs,"{'lr__C': 100, 'lr__fit_intercept': False, 'lr__max_iter': 500, 'lr__penalty': 'l2', 'lr__solver': 'lbfgs'}",0.8462848905779059,0.843532957672651,0.8540165115974315,0.8580602883355177,0.8483617300131061,0.8500512756393224,0.005280077092995111,55
2.0284088134765623,0.10399563065985609,0.251117467880249,0.010879832387695963,100.0,False,500,l2,liblinear,"{'lr__C': 100, 'lr__fit_intercept': False, 'lr__max_iter': 500, 'lr__penalty': 'l2', 'lr__solver': 'liblinear'}",0.8468090682741449,0.8437950465207705,0.8481195125147425,0.85478374836173,0.8469200524246396,0.8480854856192055,0.003640418245879408,76
1.6845582485198975,0.05663485634041175,0.34743266105651854,0.09667554161354346,100.0,False,500,l2,newton-cg,"{'lr__C': 100, 'lr__fit_intercept': False, 'lr__max_iter': 500, 'lr__penalty': 'l2', 'lr__solver': 'newton-cg'}",0.8470711571222644,0.8436640020967108,0.8486436902109815,0.855570117955439,0.8465268676277851,0.8482951670026362,0.003977917823300625,70
1.5821065425872802,0.183185424987369,0.0,0.0,100.0,False,500,elasticnet,lbfgs,"{'lr__C': 100, 'lr__fit_intercept': False, 'lr__max_iter': 500, 'lr__penalty': 'elasticnet', 'lr__solver': 'lbfgs'}",,,,,,,,145
1.414320135116577,0.16966847113264893,0.0,0.0,100.0,False,500,elasticnet,liblinear,"{'lr__C': 100, 'lr__fit_intercept': False, 'lr__max_iter': 500, 'lr__penalty': 'elasticnet', 'lr__solver': 'liblinear'}",,,,,,,,145
1.396831464767456,0.02449847817065466,0.0,0.0,100.0,False,500,elasticnet,newton-cg,"{'lr__C': 100, 'lr__fit_intercept': False, 'lr__max_iter': 500, 'lr__penalty': 'elasticnet', 'lr__solver': 'newton-cg'}",,,,,,,,145
1.6666741847991944,0.0612516569292376,0.22762694358825683,0.010841626781099047,100.0,False,1000,,lbfgs,"{'lr__C': 100, 'lr__fit_intercept': False, 'lr__max_iter': 1000, 'lr__penalty': None, 'lr__solver': 'lbfgs'}",0.8468090682741449,0.8396016249508583,0.8482505569388022,0.8520314547837483,0.8442988204456094,0.8461983050786326,0.004140884819458682,79
1.1598700523376464,0.11035802743661582,0.0,0.0,100.0,False,1000,,liblinear,"{'lr__C': 100, 'lr__fit_intercept': False, 'lr__max_iter': 1000, 'lr__penalty': None, 'lr__solver': 'liblinear'}",,,,,,,,145
1.5123778343200684,0.06199627776978686,0.242616605758667,0.026664151787458436,100.0,False,1000,,newton-cg,"{'lr__C': 100, 'lr__fit_intercept': False, 'lr__max_iter': 1000, 'lr__penalty': None, 'lr__solver': 'newton-cg'}",0.8422225134320535,0.8382911807102608,0.8397326693749181,0.8513761467889909,0.8411533420707733,0.8425551704753993,0.004605073894930923,115
1.096135663986206,0.032457267453854445,0.0,0.0,100.0,False,1000,l1,lbfgs,"{'lr__C': 100, 'lr__fit_intercept': False, 'lr__max_iter': 1000, 'lr__penalty': 'l1', 'lr__solver': 'lbfgs'}",,,,,,,,145
2.7173728942871094,0.0718016283986991,0.2696837425231934,0.021390448659878377,100.0,False,1000,l1,liblinear,"{'lr__C': 100, 'lr__fit_intercept': False, 'lr__max_iter': 1000, 'lr__penalty': 'l1', 'lr__solver': 'liblinear'}",0.8393395361027388,0.8364565587734242,0.8413052024636352,0.8462647444298821,0.8357798165137614,0.8398291716566882,0.0037843573185345016,130
1.1532855033874512,0.059783913075136225,0.0,0.0,100.0,False,1000,l1,newton-cg,"{'lr__C': 100, 'lr__fit_intercept': False, 'lr__max_iter': 1000, 'lr__penalty': 'l1', 'lr__solver': 'newton-cg'}",,,,,,,,145
1.3521865367889405,0.07149199248485995,0.22963624000549315,0.015696557456080982,100.0,False,1000,l2,lbfgs,"{'lr__C': 100, 'lr__fit_intercept': False, 'lr__max_iter': 1000, 'lr__penalty': 'l2', 'lr__solver': 'lbfgs'}",0.8462848905779059,0.843532957672651,0.8540165115974315,0.8580602883355177,0.8483617300131061,0.8500512756393224,0.005280077092995111,55
1.902496862411499,0.09558875118770839,0.22173500061035156,0.010473093909777374,100.0,False,1000,l2,liblinear,"{'lr__C': 100, 'lr__fit_intercept': False, 'lr__max_iter': 1000, 'lr__penalty': 'l2', 'lr__solver': 'liblinear'}",0.8468090682741449,0.8437950465207705,0.8481195125147425,0.85478374836173,0.8469200524246396,0.8480854856192055,0.003640418245879408,76
1.4875113487243652,0.02636207012203481,0.21720328330993652,0.014424906636602211,100.0,False,1000,l2,newton-cg,"{'lr__C': 100, 'lr__fit_intercept': False, 'lr__max_iter': 1000, 'lr__penalty': 'l2', 'lr__solver': 'newton-cg'}",0.8470711571222644,0.8436640020967108,0.8486436902109815,0.855570117955439,0.8465268676277851,0.8482951670026362,0.003977917823300625,70
1.064074420928955,0.019453181666562114,0.0,0.0,100.0,False,1000,elasticnet,lbfgs,"{'lr__C': 100, 'lr__fit_intercept': False, 'lr__max_iter': 1000, 'lr__penalty': 'elasticnet', 'lr__solver': 'lbfgs'}",,,,,,,,145
0.9893940448760986,0.0438662182415869,0.0,0.0,100.0,False,1000,elasticnet,liblinear,"{'lr__C': 100, 'lr__fit_intercept': False, 'lr__max_iter': 1000, 'lr__penalty': 'elasticnet', 'lr__solver': 'liblinear'}",,,,,,,,145
0.8161783218383789,0.029382628882925897,0.0,0.0,100.0,False,1000,elasticnet,newton-cg,"{'lr__C': 100, 'lr__fit_intercept': False, 'lr__max_iter': 1000, 'lr__penalty': 'elasticnet', 'lr__solver': 'newton-cg'}",,,,,,,,145
